"Player","Level","Xp"
"Weapon X","99",121770656
"Styxx O","99",121770430
"Mister Serp","99",121769822
"Tilus","99",121768620
"TuboVermeio","99",121766419
"xfakeseanx","99",121756973
"BellamyBlake","99",121755464
"Dung Boss","99",121754837
"TMNT JOHN","99",121749741
"Lucky Grump","99",121740466
"Leksa","99",121731790
"Meune","99",121731730
"AnnaBanana92","99",121729996
"Black Raide5","99",121723400
"666devilboi3","99",121717165
"Thorcky","99",121715976
"Mariaroo","99",121702376
"m i b","99",121691952
"Gokui","99",121691023
"Guildx_mlt","99",121690476
"ss e b","99",121687560
"Silvermist","99",121685083
"Risingreap","99",121673381
"JAMI3","99",121661854
"johny5","99",121657719
"Ironmemmy","99",104290860
"Lyonsito","99",104290840
"Swa","99",104290824
"Azzouz","99",104290821
"Mr Fumus","99",104290786
"Bonnyy","99",104290783
"Mythrilsteel","99",104290756
"ClayZilla","99",104290735
"Cardelio","99",104290720
"Maya De Bij","99",104290684
"Ilia Topuria","99",104290560
"Toxic Mom","99",104290557
"Vorz","99",104290551
"PeevEm","99",104290544
"Priftopher","99",104290527
"Pai Do Davi","99",104290519
"Godson","99",104290493
"flimflam","99",104290484
"Taaviboi","99",104290467
"Br0legend070","99",104290458
"Krooniix","99",104290438
"Kakorat9","99",104290404
"DunderHulken","99",104290365
"D ivz","99",104290352
"cloud12794","99",104290317
"Hot Sank","99",99550903
"Facebook Tzw","99",99549447
"zdya","99",99549135
"Awesomeboy92","99",99548155
"Aieka","99",99533161
"JoEz Dub","99",99531877
"Turbo","99",99530249
"Skeleton War","99",99522319
"Undoubtedly","99",99521934
"xpschat","99",99520584
"ZnarchSum","99",99503879
"facs22","99",99492769
"Ridegnome972","99",99487892
"makseris","99",99485661
"Orana Conti","99",99483206
"Kwiebuss","99",99481093
"Tee Sizz","99",99477887
"ThePoopChute","99",99474406
"Vandan","99",99467886
"DaanR2M","99",99461323
"xDragon399x","99",99452457
"Iron Dreads","99",99449869
"Gundam 00","99",99422926
"7VS","99",99402128
"tigerrclawz","99",99392581
"rosehip","99",84682550
"Pelanzera","99",84681352
"SOPHlE DEE","99",84680927
"CAD_Online","99",84675301
"zekrom_vrah","99",84674545
"KiwiNz","99",84672010
"rootsy","99",84671687
"Autismic","99",84667711
"Hellebore","99",84667242
"Silviu","99",84659669
"Stupi","99",84655940
"P A RA SI TA","99",84654734
"Purple Wooki","99",84646513
"Hoverphonic","99",84644763
"Gbkhan","99",84640016
"Afternine","99",84621662
"Voizuiinemi","99",84618442
"4Chancellor","99",84617133
"Mark xD","99",84610732
"Rai Hayabusa","99",84610493
"Mmj1","99",84596824
"inmortalox","99",84596121
"King Barn","99",84594784
"Holst","99",84591710
"Kisimae","99",84587052
"Vasi","99",68039981
"So Baked rn","99",68029062
"pilkis99","99",68027612
"Aether","99",68022836
"HashiraSun","99",68017229
"BadBwoyMitch","99",68016500
"Emu War","99",68011894
"Winterdream","99",68011783
"Jakeup07","99",68011570
"pactre","99",68011239
"Mortal Curse","99",68011016
"Kreng","99",68008387
"Moishe6669","99",68006951
"W O MB A T","99",68002613
"JammyBudz","99",68001454
"Godliest","99",67997391
"RIP Xeno","99",67996403
"EscapeTheZoo","99",67994276
"Summerr D x","99",67991652
"Callme273","99",67985328
"Izumi0930","99",67984678
"LunarCanidae","99",67984409
"d6p","99",67983248
"Cronus","99",67982599
"ImpalerBetz","99",67981258
"Pledgy","99",51589541
"Deadly Volts","99",51589428
"MadMarkx","99",51588806
"JIMB0","99",51588335
"FatAnimeDick","99",51586823
"Whetstoa","99",51585210
"Joseph Byren","99",51582688
"Calcarb","99",51581504
"RRMIJP","99",51580508
"Doxa Theos","99",51579203
"0_0CastleAge","99",51578234
"Christin","99",51576742
"BirdMAN11","99",51576269
"6gp","99",51575878
"D iiego","99",51573131
"Zazk","99",51572517
"Zensation","99",51571916
"T2T2","99",51571565
"Nut Funneh","99",51571350
"barbamams","99",51570155
"Seyfoe","99",51567952
"WillyWonk","99",51563524
"Lalette","99",51563214
"Dreadnaut","99",51563003
"Lord Otori","99",51562898
"UUill","99",49209363
"Helena Trick","99",49208362
"1-212","99",49207726
"Baroo Yak","99",49206646
"MotoDolan","99",49205749
"Shafting You","99",49205409
"weirr","99",49205001
"BlackSanta","99",49204668
"LightningRS","99",49203389
"PixelFemboy","99",49203363
"bigdp12","99",49202969
"Firekev","99",49202825
"Ukraiine","99",49201495
"Sub Classic","99",49198010
"Timbs Reuben","99",49196672
"Huskana","99",49196612
"Joogly","99",49196438
"Mr Wanderer","99",49195764
"Capped8","99",49194580
"pvm j4yb0y","99",49192374
"B_Easy76","99",49192004
"Jimmie","99",49191632
"Fe Squangles","99",49190671
"faneli","99",49188619
"Callidora","99",49188260
"Serenda2me","99",47198821
"Blaze Kin1","99",47194408
"IcrapRares","99",47193822
"Driifuz","99",47192080
"Magna Thorax","99",47191204
"Osher","99",47190283
"RaiserOfHell","99",47189618
"Zamaix","99",47185859
"Gbk90","99",47183715
"Godestofnite","99",47181000
"Ginger Soul","99",47180412
"T Ninja4","99",47178037
"15fpsplay","99",47175342
"KaysZakk","99",47174132
"0MOODY0","99",47171005
"Jonas Figter","99",47170497
"Dextro","99",47169443
"vysefear","99",47169433
"vd Matras","99",47169250
"Qwis7","99",47169084
"kid brother","99",47168277
"Koi S","99",47167884
"GrantTheSand","99",47166995
"Brostopheles","99",47166486
"Estonia420","99",47164238
"Baconeta","99",43150611
"Runepaw","99",43149542
"Shovel SnK53","99",43149061
"Maverickmiz","99",43148478
"Duke121","99",43148389
"LordDarkrai9","99",43147071
"Wilhand","99",43144333
"Icestreak","99",43144014
"Ickle Giggle","99",43143964
"Andreee90","99",43143859
"Matgo","99",43143762
"FOXY LADY67","99",43143531
"Naarturan","99",43143050
"Tatz38","99",43142426
"Race Me","99",43141559
"Mr FishFish","99",43141373
"Tetsyua","99",43140847
"Iamonit","99",43140074
"jsfweufhwehu","99",43138794
"xoblivionx69","99",43138540
"AdmiralElmo","99",43138318
"Hussain 535","99",43137366
"Dany Snipe","99",43135279
"Angriest","99",43134449
"Noxious Andi","99",43133152
"Mr Whippy","99",36611991
"Puppy Patch","99",36611773
"Daltsi","99",36611175
"Loubert","99",36610351
"Thi","99",36609287
"jbear4492","99",36609134
"Boonor","99",36608265
"BAMF Lil","99",36607965
"Poison Mila","99",36606554
"Creativgamer","99",36605375
"Scout","99",36604410
"Smurfyy","99",36602739
"in tha north","99",36602476
"hunterpfil","99",36602281
"Adrenal","99",36602049
"zacks28weed","99",36601549
"Hirsty","99",36600722
"Jenna Talia","99",36599840
"Dagonic","99",36599514
"Bossdb","99",36599444
"Penny D","99",36599389
"lordguille","99",36599363
"Mr Arkadiusz","99",36598998
"Fnck","99",36598655
"Bk","99",36598470
"Crazyy K","99",35580976
"PeterTosh420","99",35578453
"xCRASHxUNITx","99",35577981
"Kandoomagic","99",35577689
"Jar671","99",35577204
"Johanjohan12","99",35576775
"Diejon","99",35576511
"Nephiriel","99",35576488
"Michalbear","99",35575996
"TickleMeBb","99",35575618
"BlueFalconMe","99",35575353
"Joseph_Adam","99",35574868
"Gainz Painz","99",35574715
"Yolli","99",35574100
"Person Oper","99",35574087
"Worthlesname","99",35573244
"k_RomUIM","99",35572778
"J Hot161","99",35572538
"Rias Gremory","99",35571350
"Rambow145","99",35569193
"Max Enrage","99",35568707
"wuwu","99",35568574
"Defender w69","99",35568479
"Ilhami","99",35568126
"N Mele","99",35566162
"Real 1on","99",32654097
"Infra Blue","99",32653565
"NotFunn","99",32652897
"IM Abhi","99",32652176
"Dfa107","99",32651452
"P1_Style","99",32650319
"Ladymorganda","99",32650282
"MirinBrahh","99",32649674
"DrunkKiwi","99",32648100
"BBC News","99",32647733
"pkstrboy7","99",32647630
"Tman31717","99",32647487
"LittleJoseph","99",32647252
"SebaMadness","99",32646857
"Crazy Hydra","99",32646612
"Zenrenity","99",32646057
"RASENGAN394","99",32645019
"Amrekani","99",32644615
"Feltersnatch","99",32641633
"Runescapew44","99",32641508
"Deluxe233","99",32639739
"BischLasagna","99",32639067
"Haupex","99",32638846
"Nantuckett","99",32638069
"SaucyPantz","99",32637742
"SteelMantis","99",31851562
"FackemA11","99",31851301
"crasty","99",31850328
"babbyss","99",31849784
"Escapizm","99",31849605
"HootersWing","99",31849528
"Hayastancy1","99",31849223
"In The Light","99",31848794
"Sea of Gr33n","99",31848618
"H Lynn S","99",31848193
"Prissy 22","99",31848108
"Nasty VI","99",31847596
"C U R T I S","99",31847010
"Im Doc","99",31846939
"Their_Leader","99",31846351
"Yay Miko","99",31846310
"Ammako1337","99",31846111
"Gemity","99",31845734
"Set To Win","99",31845457
"Death10284","99",31844185
"Veridiae","99",31843953
"Little Alice","99",31843871
"Fadings","99",31843779
"Cosaitis","99",31843382
"Lolzifa","99",31842925
"Suggs","99",28011699
"DEFCHAMP50","99",28011601
"KeIron7","99",28011307
"Star2578","99",28011173
"br skill","99",28009883
"DilmaRouseff","99",28009787
"Grimm Jow","99",28009731
"J O S H I E","99",28009204
"Reudaisu","99",28008984
"El1te Knight","99",28008554
"Nutta","99",28008034
"Cataleya","99",28007723
"Little Viggz","99",28007111
"FrostyNut","99",28006991
"Uknowunome","99",28006354
"Durke Man","99",28005917
"Lokifox","99",28005420
"La Bonitas","99",28005076
"Swarxx","99",28004943
"Wealcan","99",28003917
"blood fire","99",28003343
"awesomebaker","99",28001875
"Dr Chaotica","99",28001874
"Watsup950","99",28001750
"Th3SadClown","99",28000836
"Captcha","99",27360272
"Orky","99",27360013
"Japarican15","99",27359957
"Observaties","99",27359450
"P4rty H4t Ph","99",27359350
"Zammy White","99",27359264
"KaaOz1987","99",27359078
"ingus110","99",27358994
"M000","99",27358759
"Alkan RS","99",27358736
"lort freeza","99",27358654
"Sir Zekter","99",27358413
"J37","99",27357994
"xBlyadischax","99",27357976
"Aus Entiy","99",27357898
"Parsec","99",27357303
"Zhamiel","99",27356833
"Destroyer 90","99",27356602
"Bloodz Hell","99",27355932
"CeewkedGoose","99",27355794
"Bambooligan","99",27355329
"Greenskills9","99",27355082
"cojns","99",27354880
"IMDcops","99",27354840
"Vilppe","99",27354631
"OG Warped","99",26977104
"Clarinets","99",26975847
"GOOOD RNG","99",26975551
"Gioarcher69","99",26975494
"vanitk","99",26975421
"RJ Simpson","99",26975319
"Danny_Boy994","99",26974966
"Myst Of Hell","99",26974692
"FraggTime","99",26974398
"XcArNiEx","99",26974387
"FallenHeart","99",26974247
"Darrvlick","99",26974156
"CoffeeDough","99",26973887
"Faux Credits","99",26973664
"D7N","99",26973479
"Nihit","99",26973271
"RuneMagic","99",26973211
"nicoandreasj","99",26973031
"notshikamaru","99",26971839
"Lionelzzz","99",26971206
"deadly joker","99",26971172
"MoFoYoBoNoBo","99",26971169
"Greg69d69","99",26970342
"Hero   131","99",26970285
"Muy Guapo","99",26970284
"Xcution","99",26872822
"Imselius","99",26872679
"Avragethresh","99",26872395
"brossy21","99",26872057
"fishenman4","99",26872024
"Obsoletist01","99",26871942
"MY DROP","99",26871880
"Boomscape","99",26871599
"Mistah Daveh","99",26871472
"Zoppo","99",26871273
"LickThePink","99",26871166
"Marsbroodoo","99",26870024
"Devil Domino","99",26868554
"SnugglyBug","99",26868545
"Benjaminoz","99",26868259
"Da Nikoo","99",26868057
"Dinga Ling","99",26867382
"Suspeito","99",26867015
"Buugs Bunny","99",26866871
"ChaosProdigy","99",26866542
"Damn sinners","99",26866289
"Snow-Kun","99",26866217
"Magicmatt","99",26865796
"PametoFIN","99",26865544
"Polishh","99",26865468
"dreaded monk","99",25507845
"NoTime2Chill","99",25507797
"Duo Armadyl","99",25507277
"Frey125","99",25507043
"Chilibean","99",25506947
"Gold Aether","99",25506763
"Slackzr","99",25506579
"Zarquil","99",25506297
"Denal","99",25505811
"Kevin UwU","99",25505559
"IM RaudMees","99",25504997
"Aethulwulf","99",25504786
"Beamington","99",25504615
"Monkeydart13","99",25504302
"gizzzie","99",25504119
"Cat Stevens","99",25503909
"Jay-T","99",25503618
"Jakeman345","99",25503583
"Noob Shadow","99",25503453
"Moa Ryuichi","99",25502903
"Assmongie","99",25502660
"King Of T X","99",25502573
"WhiteWalls","99",25502452
"Richy x","99",25502420
"Obror","99",25501575
"Th3 Huntress","99",25176467
"Scotteh","99",25175715
"hype247","99",25174881
"Micaiah","99",25174489
"Gillyf","99",25174160
"hongs123","99",25173060
"fallingwood","99",25172932
"xProdegieZx","99",25172750
"OiAdamOi","99",25172733
"M0hke","99",25172314
"K c killer","99",25172191
"Nepadirbi","99",25172181
"Ouwe Schurk","99",25172092
"227 7","99",25171824
"NotUnknownnn","99",25171555
"Lossty1","99",25171274
"Arentios","99",25171104
"Bigmike649","99",25171074
"BREJCHA","99",25170964
"AchillesVeng","99",25170325
"Mucksta","99",25169822
"Xao72","99",25169402
"Grimy Dream","99",25168283
"Celitrum","99",25168173
"Meowlife24-7","99",25167977
"Maganater","99",23692249
"Amur Tiger","99",23692201
"DU3STEP","99",23691626
"Guthix Jr","99",23691535
"DehSet","99",23691340
"Kishin Crona","99",23691301
"PvMZombi","99",23691222
"Pedrololo","99",23690531
"Ghost the II","99",23690478
"Back to JC","99",23689580
"Muha7c","99",23689490
"MissYukiRS","99",23689393
"Erupas","99",23689312
"AussieNutz","99",23689236
"Tommanovic","99",23689214
"Lockdown","99",23689196
"duhfient","99",23689186
"Tormentor X","99",23688324
"Deus Deorum","99",23687922
"CabbageCryPT","99",23687624
"TINA C0LADA","99",23687532
"Grantey","99",23687510
"Kannigel","99",23687494
"mini trucker","99",23687203
"KkwanN","99",23687172
"Dana Ember","99",23523354
"prayxz","99",23522957
"Duhh Clap","99",23522833
"guyfawkess","99",23522337
"SunShineFE","99",23522300
"Hip Fruit","99",23521926
"Doylem","99",23521919
"Life Takers","99",23521812
"Wahlen9000","99",23521123
"Broad Arr0w","99",23520941
"Enyo","99",23520222
"Mbray504","99",23520040
"FlockaFlamee","99",23518952
"Kp1225","99",23518838
"Viren","99",23518272
"GameOfTheAim","99",23517900
"wetfoot14234","99",23517675
"delco 420","99",23517633
"Nuncle_SI","99",23517483
"MerryJane","99",23517403
"Mister Krab","99",23517328
"S0 C0NCEITED","99",23517325
"l3ummer","99",23517245
"sodlee","99",23516914
"Billaa","99",23516900
"MotoSquirrel","99",23196064
"Zeruel Heir","99",23195800
"Raceboy","99",23195266
"Texasmanwalk","99",23194235
"Mesty","99",23194178
"CavaleiroOco","99",23193993
"Carats","99",23193819
"Phyxiuz","99",23193444
"I MnT I","99",23193343
"Zomboide","99",23192829
"IronHalftank","99",23191598
"Mr Purcell","99",23191481
"Tahraton","99",23191305
"Cky Mom","99",23191304
"CharlieI","99",23191048
"bougoneur420","99",23191046
"Regina","99",23190951
"Kjr Josh7","99",23189713
"big timmy219","99",23189675
"Wils0","99",23189508
"Jonub","99",23189401
"zamorak200hp","99",23189363
"Leeyum","99",23189100
"ARC210","99",23189094
"Nomercybuddy","99",23189004
"ZephyrosVI","99",22802966
"KamiDante","99",22802768
"OG Tea","99",22801841
"GG Pvm","99",22801786
"Kaybizzle","99",22801350
"VittuKettu","99",22801246
"Mr Ethereum","99",22801177
"Cddmac","99",22801100
"Kellassy","99",22800765
"Lori B","99",22800616
"Ec k","99",22799022
"Alone Soul","99",22798743
"tojo228","99",22797692
"Orehn","99",22797498
"namascape","99",22797483
"Nny","99",22797357
"IronWhodie","99",22797356
"Meka","99",22796670
"Beast Kick","99",22796628
"P40wfc","99",22796508
"danskrap","99",22796373
"Exercet","99",22796130
"Hayleion","99",22796017
"Tru God King","99",22795921
"being cool","99",22795920
"Atypical","99",22322752
"c z e a","99",22322462
"Cheeseaholic","99",22322403
"medusa gm","99",22322344
"Knallungen","99",22322218
"Xilexya","99",22322198
"TheBulld0zer","99",22322152
"alkoholik","99",22321800
"xIwillinIx","99",22321640
"Erelis002","99",22321590
"Greywolf 822","99",22321518
"Eos Assassin","99",22321487
"Lord Cahan","99",22321183
"Super Gogeta","99",22321117
"Akimbo DDS","99",22320688
"Cein","99",22320568
"B0ULT","99",22320473
"Cyaen","99",22320451
"King Espo","99",22320139
"l am DJ","99",22319989
"Narwallus","99",22319737
"DannyGainz","99",22319655
"PoisonX7","99",22319584
"Nerd Gasmic","99",22319476
"Gita","99",22319370
"ukPessonUK","99",22291896
"Silkymon","99",22291669
"Obby Apples","99",22291503
"Met Scott","99",22291437
"Tjlavin","99",22291339
"Kyle Said No","99",22291192
"x FuRia","99",22290967
"Kriz Toe Fur","99",22290751
"Maxst","99",22290357
"Blondye","99",22290187
"Not Japan","99",22290111
"EuTeAmo","99",22290011
"Darkishade","99",22289887
"Puppyrush","99",22289855
"RedBluePurp","99",22289828
"DRIFT_KING_p","99",22289761
"Bravo Lv","99",22289637
"Ohmycaptain","99",22289443
"OBLIV10N","99",22289426
"manicures","99",22289140
"RegretfulX","99",22288974
"Apolausticc","99",22288635
"Minnister","99",22288519
"kiiriito kun","99",22288298
"Sideralis","99",22288086
"Kinker","99",21448481
"karklinat","99",21448397
"Wintorven","99",21448195
"DY3RB","99",21448051
"wander lucas","99",21447810
"Bag791","99",21447745
"Erio18M","99",21447742
"Zarvox","99",21447712
"nemeses611","99",21447702
"Fae Anja 527","99",21447573
"GHostlyCrw4E","99",21446806
"TomNumbers","99",21446727
"Topptur","99",21446521
"PAND3MONiUM","99",21446179
"Herenyaa","99",21446134
"Clarwater75","99",21446034
"Dinky in u","99",21446008
"FinestRye","99",21445856
"GreenZ","99",21445731
"Pfl Glace","99",21445410
"Jakavam","99",21444873
"T a n i a","99",21444606
"Furlong","99",21444446
"xKING SWIFTx","99",21444436
"KoFFFein","99",21444332
"L45T-QU33N","99",20693621
"ArcAngel Sam","99",20693605
"catty","99",20693256
"Mr Mol3","99",20693159
"Elias 1170","99",20693009
"China Palace","99",20692871
"Isaddora","99",20692842
"AxelThesleff","99",20692644
"Slasher","99",20692630
"Justahartman","99",20692608
"Verddii","99",20692465
"Sassquatch01","99",20692461
"ZappyWabbit","99",20692450
"Candymayne","99",20691752
"Mr Dobermann","99",20691622
"Hey Listen","99",20691581
"Big Al 4222","99",20691551
"Mangudumin","99",20691491
"Saramok9","99",20691263
"Zebrah","99",20690850
"GoodKn1ght","99",20690563
"DiiiZ","99",20690540
"Jatomlift","99",20689691
"Brenieboy","99",20689298
"Kingmichaelc","99",20689234
"cwarrior41","99",20656920
"Fishwand1172","99",20656811
"Still I Rise","99",20656306
"Glee","99",20656241
"Padyno","99",20656138
"Drockjones","99",20655862
"Pg tipps","99",20655532
"Youpiboy","99",20655476
"Mr Twan","99",20655282
"Irma G3rd","99",20654515
"Lethal Bunny","99",20654494
"The P I M P","99",20654477
"Medic Roby","99",20654409
"Flexing Meds","99",20654265
"AlphaGame","99",20653626
"Coolstone","99",20653602
"Djinnreaper","99",20653341
"Felix Vintr","99",20653212
"Geniasokol","99",20652601
"Xraye","99",20652363
"DeadstrOx","99",20652286
"Ahamahay","99",20652134
"Gokke","99",20651783
"DQF1","99",20651719
"Nazrynn","99",20651501
"Hijinx33","99",19977135
"Gromp Love","99",19976897
"R ue","99",19976399
"M1IK","99",19976334
"Fe Kritze","99",19975964
"Int64","99",19975792
"D r e dd","99",19975534
"Roesor","99",19975392
"Jetschy","99",19974875
"Brightgalrs","99",19974467
"Small Franga","99",19974167
"c2trappy","99",19974071
"Florrey","99",19974025
"Hushar","99",19973883
"BluuLeyy","99",19973757
"fietsje","99",19973725
"IAdVenTI","99",19973637
"Lord Buns","99",19973609
"l uka s","99",19973536
"MLP Slayer","99",19973467
"ffsenough","99",19973460
"K1w12","99",19973301
"End of PvM","99",19973165
"Dr Grim7","99",19973053
"BladeOfLyfe","99",19972742
"ASAPThaJoker","99",19762327
"BailongWhite","99",19762162
"Muhammad Ali","99",19761926
"NoStressIron","99",19761860
"toomuchkarma","99",19761826
"Blue Tricky","99",19761769
"Dulra","99",19761529
"High Knight","99",19761261
"depletion","99",19761117
"Reeah","99",19760670
"Mrs Wil","99",19760670
"Usually Blue","99",19760629
"Lnnrt","99",19760258
"Batmans neff","99",19759847
"Much Amazed","99",19759760
"Sir Hazaart","99",19759525
"Gold charm","99",19759409
"TeleTobe","99",19758972
"Huntf0rt","99",19758669
"sewly","99",19758476
"Karimvaro","99",19758466
"Sir McGugan","99",19758456
"Eikua","99",19758407
"TPQ","99",19758121
"Vivi T","99",19758051
"Gun Flamer","99",19629864
"Protato","99",19629524
"xSoloz","99",19629505
"DownwardHawk","99",19629487
"Lovablechyck","99",19629405
"Oromon","99",19629320
"ManLikeDej","99",19629261
"Cacti World","99",19629161
"magekickas12","99",19629155
"Danglin Man","99",19629065
"Rurounii_x","99",19628832
"viCkiy","99",19628832
"ZBA RS","99",19628726
"Cumthatw0n","99",19628506
"Warthog213","99",19628497
"davidpro0516","99",19628335
"Tiny Anne","99",19627043
"JohnStamos","99",19626869
"Joshy P","99",19626857
"IlIITIlTlIIl","99",19626430
"Douglas Pine","99",19626091
"Swirl Plus","99",19625902
"J4fswampyg","99",19625705
"Flavor Puff","99",19625693
"Erre223","99",19625458
"Aruhi","99",18991086
"JokerInk420","99",18990981
"Sir Ch4Ng3R","99",18990899
"Chickenfryer","99",18990736
"ErniePlumber","99",18990534
"Trindy","99",18990511
"StuckInDryer","99",18990444
"Armoursummon","99",18990394
"Apparently i","99",18990351
"H i t m a n","99",18990194
"Stoned Sage","99",18990050
"S i n d y","99",18989961
"Raizu","99",18989671
"Mu1isha","99",18989527
"Turtle speed","99",18989475
"Ric214","99",18989376
"jasounnn","99",18989312
"Azure DeviL","99",18989157
"Lady JumpRun","99",18989020
"Ceenik","99",18988911
"Thee Fortuna","99",18988906
"Avenntador","99",18988671
"ReyDeReyes","99",18988551
"Gerni 138","99",18988378
"JamesMay","99",18988264
"Cintran","99",18959004
"Cookehhh","99",18959000
"GuidoTheNoob","99",18958974
"KorBlimey","99",18958962
"Gekk","99",18958799
"Finnies Bog","99",18958739
"Toma Kamijyo","99",18958682
"Zalandrial","99",18958505
"Half Moon","99",18958475
"chewingperco","99",18958342
"LoobedNReady","99",18958203
"Koleee","99",18958033
"Sup3r Ziko","99",18957865
"SimmyOk","99",18957751
"Amerindien","99",18957736
"Clawdragons","99",18957678
"M oll y","99",18957609
"Scrl","99",18957561
"Daneddb","99",18957505
"Stone Wall","99",18957448
"Seu Nome","99",18957409
"TRUEWIDEEYES","99",18957271
"Kula B","99",18957217
"DieHanna","99",18957143
"23extreme401","99",18957057
"Great Prinx","99",18936423
"IamJimmyyyyy","99",18936376
"Hare Chalk","99",18936351
"Khalil Osman","99",18936233
"Oma 1997","99",18935975
"Zaakurai","99",18935636
"Bubblecup","99",18935592
"Cs","99",18935581
"InfernalDice","99",18935446
"Mike GC","99",18935369
"nixedlabvax","99",18935278
"Kong M","99",18935169
"Bystander X","99",18934807
"Dhuuunng","99",18934713
"Sly Semantic","99",18934697
"Slyydogg","99",18934340
"DexterVex","99",18934174
"Serenity War","99",18933968
"Lein Bergess","99",18933799
"1916 Rising","99",18933745
"Little Skye","99",18933641
"Dreaminq","99",18933640
"NiceyAckermn","99",18933616
"EvilSpud","99",18933606
"Maeralya","99",18933290
"ous22","99",18597334
"Monkfishh","99",18597318
"Bangerbangng","99",18597293
"The Sun","99",18597128
"Rw-Gamepro","99",18596980
"Jackladder","99",18596117
"I Did Her","99",18596011
"Enemy No 1","99",18595759
"DoctorMan","99",18595322
"AnitaHooyeah","99",18595319
"Hex RS","99",18595296
"stubedobedoo","99",18595205
"Majical Tina","99",18595190
"Garwing","99",18595114
"Gul Kathos","99",18595052
"Bad Barbie","99",18594426
"Lord Zander","99",18594367
"Triste","99",18594319
"Dr Sweetwood","99",18594181
"Truebluesoul","99",18594046
"EU West","99",18593692
"Emmett Paul","99",18593357
"Darkwind","99",18593198
"getplane1234","99",18593151
"Big Palooka","99",18593111
"Craynor","99",16531369
"Feartaliser","99",16531278
"Hc Warrior90","99",16531155
"Wang Washer","99",16531118
"Seconix","99",16530910
"Brobrayson","99",16530833
"xx HENDRIX","99",16530804
"LordeButtsak","99",16530604
"90s Man","99",16530600
"King Plutoo","99",16530597
"XFrost-FireX","99",16530539
"Themachanic1","99",16530267
"Olb","99",16530210
"oob","99",16530121
"90Dalton_4","99",16530047
"Funky Nappy","99",16530042
"Meffi","99",16529926
"Patchie","99",16529837
"Mo Le Pro","99",16529835
"Nyranger","99",16529705
"Silentnotess","99",16529573
"Ba3lisk","99",16529473
"Fearleh","99",16529467
"Yak02","99",16529454
"CmdrKeen","99",16529306
"GhostlyBeard","99",16450455
"S t e a d y","99",16450424
"FatherRaven","99",16450389
"Poopdaisy","99",16450369
"Tedggi","99",16450341
"Sepheroes","99",16450337
"10001737","99",16450223
"Aza Cael","99",16450000
"Emises","99",16449999
"World702","99",16449970
"spkc","99",16449813
"Pegzie","99",16449807
"MrInsaneSalt","99",16449804
"Bts2000","99",16449783
"Dexta36","99",16449694
"YZY","99",16449694
"Djunta","99",16449532
"Griffin Dust","99",16449438
"Pure Beowulf","99",16449388
"Pkmew","99",16449300
"Morgoth 321","99",16449299
"Tim909","99",16449263
"lordkiller1","99",16449241
"Humbug1961","99",16449191
"Hamsi","99",16449110
"IDahok","99",16169276
"OnlyFansThot","99",16169236
"LCCC Hello","99",16169223
"Bro Odat","99",16169213
"X Sneak0ut X","99",16169199
"Sneaky Pants","99",16169187
"r0flpie","99",16169137
"Wordman","99",16169107
"xGabriel","99",16169059
"Legend6782","99",16168939
"Slouchie","99",16168863
"Mr Jisatsu","99",16168581
"Denkare","99",16168417
"r1ZLAyae","99",16168366
"clevermonky","99",16168003
"Killerjman29","99",16167897
"L o a d i d","99",16167865
"Z O I D S","99",16167819
"Zytheria","99",16167795
"Tissaya","99",16167663
"FINALisBEAST","99",16167613
"No Sleepin","99",16167545
"Scipozoa","99",16167533
"I Can PvM","99",16167490
"A Zoo Keeper","99",16167261
"Treesismoke","99",16051010
"Sinn Fein","99",16050914
"ZzLowFallAh","99",16050857
"Ting1","99",16050856
"Its Clifford","99",16050790
"Davidofevil","99",16050785
"Angelo etc","99",16050775
"Toon Master7","99",16050770
"1T3AM1DREAM","99",16050683
"roadrage25","99",16050632
"Syconetic","99",16050572
"HarpoonIPA","99",16050552
"gushhy","99",16050529
"veslesatan","99",16050494
"Vetran99","99",16050415
"Y 0 M I","99",16050391
"K1DLaT","99",16050380
"kingjack2014","99",16050188
"CaseAndPoint","99",16050176
"Manhuntps2","99",16050095
"Avrahm","99",16050009
"WaterBoii","99",16049944
"Coldest Beer","99",16049913
"Zoorks","99",16049909
"General Hard","99",16049883
"bubbles11802","99",15619820
"Simulated","99",15619770
"masta madman","99",15619744
"R 34","99",15619727
"PlayerSlayaa","99",15619687
"Mhalindi","99",15619672
"UZY VS JAD","99",15619644
"Grizkit","99",15619599
"FistofWar","99",15619433
"Guwopp","99",15619426
"GUTHIX0317","99",15619277
"64thunder768","99",15619034
"Pvm Recchi","99",15619000
"Evolve King","99",15618934
"Be Rad","99",15618919
"Thunderkitty","99",15618876
"2Moist2Skill","99",15618865
"Ds Strg","99",15618717
"UMO","99",15618699
"Benmax77","99",15618658
"gay tradie","99",15618632
"Pirania50","99",15618627
"YourFinalVow","99",15618529
"0I21","99",15618519
"LookItsMateo","99",15618484
"Tcmn","99",15583143
"Big Tiddiez","99",15583031
"Wako Jako93","99",15582743
"Antuanes","99",15582726
"yoshomie","99",15582703
"Elnene202","99",15582586
"Gus37b","99",15582564
"Tastey Pork","99",15582485
"Tornado134","99",15582426
"Alex Iz Sik","99",15582320
"Fred Durst","99",15582205
"Nobin","99",15582082
"Sorin Pk","99",15581971
"elwraylol","99",15581856
"Segolectric","99",15581845
"Mathiasverm","99",15581788
"Slicky x","99",15581652
"Deezer","99",15581648
"Chewnah","99",15581590
"Autistic Hat","99",15581540
"P A PI","99",15581457
"Erimin-5","99",15581435
"Thatoddguy1","99",15581364
"TurboWrath","99",15581357
"lEnVyl","99",15580861
"Jellyxp","99",15515494
"RuneSpann","99",15515378
"65katman","99",15515149
"Chems","99",15515108
"MercyKill","99",15515070
"Cheese Irit","99",15515034
"Nayim40","99",15515024
"plantaseed","99",15514813
"Asotl","99",15514775
"Myva","99",15514708
"The Lab","99",15514643
"R 0 G S K I","99",15514511
"Bomas25","99",15514379
"Kasumi Suki","99",15514144
"Pray And Run","99",15513731
"yuaa","99",15513606
"Unreal","99",15513568
"Samgood","99",15513564
"riipx","99",15513564
"iQyr","99",15513544
"JeenusOfBoon","99",15513484
"ElectroCurse","99",15513319
"SUGARSMACK","99",15513319
"Purge Yaren","99",15513241
"D4rk0wner3","99",15513088
"Paint Skillz","99",14766037
"Mistbourne","99",14765972
"Sarah Kitten","99",14765964
"tbzhax","99",14765955
"MumblinDurbo","99",14765892
"Skaoh","99",14765873
"Chills Chili","99",14765864
"JumpOffThot","99",14765733
"kmox","99",14765686
"Wyd StepCorn","99",14765665
"R ich","99",14765661
"Gabico7","99",14765621
"Dark Crab","99",14765598
"Lazar","99",14765584
"Nidar","99",14765520
"Podunk","99",14765466
"P L A V E","99",14765274
"I Became One","99",14765205
"Zarco92","99",14765192
"Dieux Zeus","99",14765094
"Twistie450","99",14765031
"Txno","99",14765025
"Ghettocore","99",14764981
"Brisingr384","99",14764878
"MrBray","99",14764873
"KillerBEST","99",14683216
"Namasti","99",14683212
"Fleton","99",14683157
"Lebostr4","99",14683119
"Dadorien","99",14683103
"Mr Spacekees","99",14683092
"Blije steen","99",14683060
"Wiggitywow","99",14683056
"xangpo","99",14682970
"Mocroayoub6","99",14682963
"Humble","99",14682931
"aradsadcat","99",14682930
"Mathematix","99",14682911
"Kia Ora Josh","99",14682881
"Alrighty","99",14682807
"Amphetamemee","99",14682735
"luckycharmXD","99",14682708
"rryynnee","99",14682684
"reinencone","99",14682683
"Valauria","99",14682577
"Lionheartos","99",14682577
"Minteh","99",14682564
"playboyp","99",14682558
"Lunork","99",14682481
"Pawky Raider","99",14682474
"Top House","99",14550795
"Kevin 147","99",14550777
"Sp0rt4cus","99",14550720
"Le Butor","99",14550705
"So Dope","99",14550703
"FredDibnah","99",14550663
"R0LLiNW00DZz","99",14550646
"Dogman10100","99",14550636
"Malikkus","99",14550608
"Cartier Cade","99",14550562
"Hobo Travis","99",14550555
"Kirk24-7","99",14550530
"Purgitory","99",14550474
"Buzzey0111","99",14550410
"SkyNetx3","99",14550381
"cupofpeepee","99",14550290
"Agentsmith","99",14550212
"T Boz5","99",14550174
"Nour","99",14550157
"Esendi","99",14550076
"Poofd","99",14549991
"Floating Jr","99",14549971
"Bodaycious","99",14549926
"IIEnceladus","99",14549909
"Naki Noff","99",14549905
"Crose1776","99",14302625
"WillieOhs","99",14302590
"rred","99",14302527
"O Gato Ajat0","99",14302509
"W145","99",14302497
"Lawv Dog","99",14302483
"Sunset Rum","99",14302478
"linakko","99",14302445
"Lycande","99",14302443
"Cursestriker","99",14302379
"Caacrinolass","99",14302312
"Ouep","99",14302291
"Nuggeth","99",14302247
"Hi Im Starke","99",14302193
"Arebell","99",14302164
"MrMurdoch","99",14302156
"LordSharkYIN","99",14302152
"Sybin","99",14302129
"Darkest Dawn","99",14302017
"Valkerian","99",14301998
"GohanMrPants","99",14301923
"Jamie Da Man","99",14301910
"Blood Ang246","99",14301907
"Riszt","99",14301871
"elfy eyes","99",14301863
"JesusSaves73","99",14129200
"Guuto","99",14129118
"Cry Havok","99",14129076
"Dallasdude26","99",14129062
"Broccolye","99",14129040
"ZaeB1nGuwapo","99",14128979
"xmoop","99",14128868
"Doctor Tot","99",14128838
"Cynic Johnny","99",14128825
"the worst of","99",14128799
"Kimkhardasin","99",14128750
"BELTHAZ0R","99",14128749
"Samirel","99",14128694
"loco133tpker","99",14128663
"Wildy Medic","99",14128661
"IRON HEROS","99",14128642
"6ARYTHE6OAT","99",14128585
"ii DosEr","99",14128544
"Kango Purrrr","99",14128510
"IljichJk","99",14128506
"Pop A Tiddy","99",14128450
"Shadow Hati","99",14128447
"knight phod","99",14128292
"Crippy Legs","99",14128280
"Gimil10","99",14128116
"sironehatt","99",13589464
"NaughtyCooki","99",13589398
"Rapunzel1120","99",13589390
"Shxfty","99",13589377
"unholy049","99",13589360
"Evil Vulpix","99",13589347
"Hugoooo","99",13589341
"karthis","99",13589287
"24n","99",13589217
"Ranito","99",13589198
"Jon989","99",13589193
"Witticisms","99",13589172
"Brandor1343","99",13589149
"Ducky Deb","99",13589059
"Ph34rar5on","99",13589052
"Maged 0123","99",13589047
"AbdxPlatypus","99",13589031
"Antti Tuisku","99",13588998
"Dartheuss","99",13588986
"classy koala","99",13588977
"Marisa Tomei","99",13588963
"Cmb Lvl 3","99",13588918
"Guga Squix","99",13588888
"Fear Z Dark","99",13588884
"Mightz","99",13588866
"TGi x PeTeR","99",13513268
"Suhil","99",13513268
"Dark Fury IV","99",13513237
"Parallel0","99",13513236
"Vaqah","99",13513210
"Marcdude3","99",13513207
"MineMattman","99",13513206
"Nostafa","99",13513186
"manmadezombi","99",13513183
"PROPER SICKO","99",13513169
"Chizorih","99",13513113
"DeanOHHHH","99",13513083
"Cigarettos","99",13513072
"boi do monte","99",13513065
"Dougie Jr","99",13513061
"Sconci","99",13513053
"Primal MT","99",13513006
"Lasjko","99",13513004
"Bad Titty","99",13512988
"fuzzyjustic","99",13512963
"Set Username","99",13512920
"sleak meat","99",13512912
"AdmThnderPnt","99",13512901
"Demoneye","99",13512874
"tonyguapo","99",13512870
"Afewolf","99",13417172
"of Ranged","99",13417163
"PHANT0MZ","99",13417131
"Chezzerz","99",13417124
"EvilTaco Man","99",13417117
"lucifer1396","99",13417114
"22Speds","99",13417111
"burbank28","99",13417106
"Fekruna","99",13417089
"Girrfff","99",13417088
"Panda0217","99",13417071
"Enzokat","99",13417057
"RNGSlaveBTW","99",13417051
"Obsoletist09","99",13417049
"ImmanvEl","99",13417016
"ED6","99",13417011
"Lygo","99",13417011
"mobster917","99",13416992
"Shallyn","99",13416989
"Ol DickTwist","99",13416972
"Pisiu I duda","99",13416966
"Von Bolt","99",13416932
"Clan List","99",13416932
"K l 9","99",13416892
"Kritican","99",13416889
"AwFug","99",13324718
"Khoomeizhi","99",13324714
"Woman Rights","99",13324683
"leffechan","99",13324682
"Strattto","99",13324670
"altairanezio","99",13324635
"Jewels","99",13324619
"Chillipepaz","99",13324596
"King Valeus","99",13324594
"demise121","99",13324548
"Ischemia","99",13324535
"Qh i","99",13324528
"Debanti","99",13324525
"CodexGlitch","99",13324511
"tameer 18","99",13324460
"i like dope","99",13324450
"Ishdra","99",13324424
"AnArousedYak","99",13324353
"Lobo","99",13324352
"Demi","99",13324342
"UltraXan64","99",13324340
"ari318","99",13324337
"Callistar93","99",13324326
"Qdmc","99",13324317
"DougtheChug","99",13324293
"SuperFly456","99",13263663
"Sir Papa1","99",13263656
"64slow2678","99",13263649
"1FreePotato","99",13263631
"Trinedarissa","99",13263624
"Other Moons","99",13263589
"Love is Key","99",13263588
"GKs PsYcHo","99",13263538
"BvsM","99",13263537
"jte-kille","99",13263536
"Cougars0125","99",13263483
"Iron Zuta","99",13263450
"Volvagia","99",13263439
"Did U Shart","99",13263430
"Lunch Cat","99",13263422
"Lil2pac H","99",13263409
"King Diz","99",13263401
"Qletus","99",13263390
"x Eric","99",13263382
"Gooblus","99",13263378
"Leng Zai","99",13263356
"R A V I","99",13263349
"Crymaria","99",13263317
"Ham Mcmuffin","99",13263305
"Iron Puggy","99",13263304
"mori vires","99",13254705
"thesupking","99",13254696
"Zolariousx","99",13254693
"Alabao","99",13254673
"JuanPeace","99",13254672
"rip-x-busty","99",13254643
"Ed Riddle","99",13254642
"HellsRavage","99",13254641
"NYYankees","99",13254631
"Tai0422","99",13254604
"vamp god131","99",13254570
"Straughnie3","99",13254558
"Paleo_Wings","99",13254544
"Mokuri","99",13254543
"King Cloward","99",13254530
"Archivedream","99",13254504
"Bloat Is Alt","99",13254478
"WUHAN FLU-19","99",13254471
"Godessnykole","99",13254460
"Time To Slay","99",13254448
"itsurgrandma","99",13254442
"GR1M REAPER","99",13254440
"Z-F1GHt3R","99",13254435
"Serrge12","99",13254425
"Dyed Jester","99",13254410
"Alcisra2319","99",13221071
"SexyTigerMan","99",13221063
"synthshark","99",13221063
"Swix 2","99",13221040
"Madboy148","99",13221033
"qwertg","99",13221020
"LOMMEL","99",13220991
"rogueweiser","99",13220977
"BlackyBeard","99",13220967
"Father Josh","99",13220963
"beefboy6","99",13220961
"Tryler","99",13220955
"HAMPLIK","99",13220950
"BigCapriSun","99",13220950
"Samaey","99",13220926
"Furinendi","99",13220923
"Just Potted","99",13220894
"Haper","99",13220868
"PlaysOffline","99",13220864
"666Soulless","99",13220825
"Tiddles333","99",13220822
"metalmilitia","99",13220819
"Culturistic","99",13220818
"PsyLIT","99",13220812
"Aphoticus","99",13220811
"Mia Mia44","99",13094954
"Hero Mai","99",13094950
"tafster","99",13094949
"xrerx","99",13094948
"99hisham","99",13094945
"H A TT","99",13094940
"Meuris 23","99",13094931
"blue le4derr","99",13094929
"Dracoprince1","99",13094929
"Godisrael","99",13094928
"Saucigator","99",13094928
"RB1x","99",13094927
"RayKye","99",13094924
"Ernelio","99",13094912
"SirGarbearV","99",13094910
"PR0T0TYPE","99",13094909
"Funnyguy355","99",13094908
"dining","99",13094906
"tardy","99",13094898
"aetherlogic","99",13094893
"Jaren1117","99",13094892
"mestrong2121","99",13094885
"BigSxcy","99",13094878
"KungFuPandz","99",13094872
"renford3","99",13094871
"LexDracula","99",13062841
"DailyMilkMan","99",13062838
"Chaoswraith","99",13062836
"Garr Zues","99",13062834
"MediocreBear","99",13062831
"Keap Meap","99",13062828
"Wizz of Mag","99",13062828
"mark420","99",13062827
"T o m y","99",13062815
"Synt0x","99",13062812
"elite warii","99",13062811
"Santo Padre","99",13062809
"tigrepure1","99",13062804
"Trailerguy","99",13062799
"Blueshawyty","99",13062791
"Craudemiro","99",13062784
"SquirtleKing","99",13062775
"Mc Jump Say","99",13062772
"Azuum","99",13062770
"Jaekiller4","99",13062770
"DE5TROY","99",13062768
"CosmicRace","99",13062768
"dutchgabber","99",13062767
"Sw1ft Kick","99",13062762
"E gg","99",13062756
"Muczyc","97",10697575
"I FAT I","97",10697485
"dixiechixfan","97",10697474
"joey9800","97",10697306
"MedLabTech","97",10697188
"scottgood","97",10697147
"X STUNN3R X","97",10696935
"helderwaters","97",10696813
"Go Me373","97",10696694
"JuulzDonnie","97",10696628
"Athena Xxv","97",10696598
"Jiren401","97",10696538
"Klondike50","97",10696517
"Undead Stark","97",10696494
"Zar2525","97",10696408
"Tsn Rapture","97",10696363
"Brovah Keen","97",10696330
"Tuin","97",10696084
"SirBlackmall","97",10695928
"Space Dust","97",10695835
"D1rk Diggler","97",10695748
"rufflez","97",10695674
"TrippinNuts","97",10695643
"Aimeekat91","97",10695621
"Iverson1232","97",10695476
"Scarletty","96",9698512
"[#XM41G1JJK]","96",9698367
"Dainer","96",9698185
"krazydiam0nd","96",9698055
"edgrallenpwn","96",9697902
"leetninja314","96",9697868
"Xst0n3dPkX","96",9697725
"Maxed Fooqie","96",9697545
"i_Scarlet","96",9697412
"3rddarkness","96",9697246
"itsameeey","96",9697171
"Prostreet73","96",9697139
"Smart Monkey","96",9697046
"to-Talk","96",9696907
"Kirktor","96",9696799
"MattiPerkele","96",9696798
"Chattox","96",9696763
"Blue Giant","96",9696613
"Deadly Ropes","96",9696607
"Maniac Svk","96",9696551
"Kurinto","96",9696473
"Hybrid Tyr","96",9696316
"Farmi","96",9696293
"Andr3jsvk","96",9696285
"timmmehh","96",9696034
"Groundbrawl1","95",9053694
"Beambud","95",9053607
"Trayvin","95",9053550
"BlackDoomer5","95",9053297
"kolo15","95",9053270
"Xirt","95",9053240
"Madam Sly","95",9053124
"pandasuklaa","95",9053070
"Higher Angel","95",9052983
"l1v1ngt3rr0r","95",9052839
"Cookid","95",9052839
"Neko Mayuri","95",9052528
"Ghiddorah","95",9052486
"Karanvir","95",9052466
"130flowers","95",9052465
"The Booj","95",9052356
"wmartijn60","95",9052312
"and Yet","95",9052150
"Tibo","95",9051866
"Daftest","95",9051005
"Milkreed","95",9050880
"CHODE GATH","95",9050859
"RsGot MeFaT","95",9050812
"Faisal Khan1","95",9050706
"Y0DA KUSH","95",9050656
"King Aoe","93",7618223
"YoArcev","93",7618057
"Winkease","93",7617973
"gadogyga1","93",7617836
"Iron False","93",7617776
"Pruiser","93",7617746
"Khash","93",7617685
"Grab Bike","93",7617589
"Engy26","93",7617556
"Seartan","93",7617536
"NxDxNxGuru","93",7617370
"Southpaw_V","93",7617022
"Vamp0333","93",7616965
"iBawszy","93",7616896
"iTzTeabags","93",7616690
"feelz inc","93",7616595
"Asleif Lion","93",7616147
"t a n d y y","93",7615939
"October113","93",7615799
"Torch700","93",7615769
"croftj","93",7615766
"SashaGreyDP","93",7615696
"SirGearate","93",7615578
"Overlord5670","93",7615537
"Dan Boy 50","93",7615496
"sethlt69","93",7430800
"Bigninja420","93",7430658
"LordFinley","93",7430643
"LADYBAKE13","93",7430498
"musserus","93",7430236
"I Desacrate","93",7430157
"Aldous V","93",7430118
"Happy Bunny","93",7430094
"Nekozuki","93",7429817
"Bedrock","93",7429772
"Noodel","93",7429665
"Crovoy887","93",7429606
"Lazy Schizo","93",7429595
"shwn","93",7429559
"doggbelga","93",7429535
"ValkkyrieRS","93",7429487
"ItsCuppaTea","93",7429430
"Finally Over","93",7429321
"Brooke960","93",7429225
"Sad Cowboy","93",7429192
"GuyUnnamed","93",7429079
"Conzequencee","93",7428940
"Stormyrj","93",7428779
"I bo I do I","93",7428750
"4skyhigh20","93",7428714
"Shalken","92",6598080
"FearTheBrave","92",6598017
"ZAIBIOSHKE","92",6597980
"Gmenyar","92",6597856
"pockett lint","92",6597806
"Shann_ikotu","92",6597688
"Shot N Gun","92",6597611
"Bason","92",6597507
"Bogash","92",6597504
"Undead Fae","92",6597339
"Born2kill13","92",6597305
"Toycar","92",6597264
"Bum Harger","92",6597259
"NVxMessor","92",6597215
"Neely0999","92",6597172
"Dude 12119","92",6597110
"brumstar","92",6596959
"Abraxous","92",6596942
"BurntGrass","92",6596939
"Lazerbolt","92",6596929
"Zazorak1","92",6596912
"SophionBlack","92",6596905
"Matskill3","92",6596877
"DangCharLimi","92",6596843
"Krotha","92",6596838
"Dr Pimper","92",6590504
"Elentiiyaa","92",6590465
"Lexieee","92",6590427
"Winceslaus","92",6590379
"SpedBoie","92",6590294
"Squohmonger","92",6590293
"Big Money 01","92",6590287
"Not Prax","92",6590192
"debby2018","92",6590117
"God Estigma","92",6590110
"morrepower","92",6590081
"Magystik","92",6590044
"churra9","92",6590012
"TheOddDuck","92",6589916
"Big Rigger","92",6589758
"1mage1goal84","92",6589703
"gon to kill","92",6589660
"Jezza Corbyn","92",6589650
"Neruku","92",6589633
"Eufrat","92",6589621
"Blankpage","92",6589600
"Sticky Nug","92",6589591
"Pilotfish35","92",6589560
"AussieLegend","92",6589558
"Richipark","92",6589461
"Lt dookie","91",6373415
"Taxbuddy","91",6373371
"David Bliss","91",6373356
"Black Devilx","91",6373251
"ZeroTooQuick","91",6373127
"Oles90","91",6373099
"Steady Beast","91",6373056
"Aokeji","91",6372936
"Noxillius","91",6372872
"JaceyLeigh","91",6372784
"Genkora","91",6372658
"Balderrr","91",6372539
"maawdawg","91",6372500
"IronGonz","91",6372492
"Naur138","91",6372392
"BooBerry x","91",6372318
"Dab Rig710","91",6372292
"Fantrum","91",6372258
"Librae50","91",6372212
"OG Catnip","91",6372185
"JM_Michael","91",6372146
"Mudvane8","91",6372124
"Vitharx","91",6372095
"U R I B","91",6372073
"YouHighCreg","91",6372033
"Wolf09Howl","91",6283044
"Jay Raven","91",6282948
"Kmakazi","91",6282717
"billspace","91",6282717
"Iamnotsalt","91",6282709
"Deeross","91",6282636
"Altojoch","91",6282548
"Riderkiler54","91",6282524
"I Am Azrael","91",6282434
"supremespork","91",6282427
"ImSable","91",6282350
"Tuck n Roll","91",6282346
"Bowins23","91",6282208
"Hosprx","91",6282165
"MAXXEDOUTBRO","91",6282149
"King Pagey","91",6282148
"ziggy man 77","91",6282136
"Blindheim","91",6282034
"MrDD1994","91",6282004
"Nios RJ","91",6281979
"II Frito II","91",6281886
"DB IS G4Y","91",6281774
"Chaostrinty9","91",6281761
"mexicojoe12","91",6281740
"Est Skila","91",6281712
"SolelyBoo","91",6125517
"Devis Devine","91",6125513
"Rune_Demic","91",6125466
"AussieR4mbo","91",6125436
"link0467","91",6125408
"Dunker560","91",6125392
"Kyoto San","91",6125355
"WillowSpark","91",6125335
"celtictom","91",6125327
"Slave4mwp","91",6125323
"Sgt Nephew","91",6125207
"Lildeath1","91",6125176
"Royal Drs","91",6125148
"OOYX","91",6125106
"leongdlong","91",6125077
"Brok Enwings","91",6125022
"Foxygrandp60","91",6124806
"Flakeofsnow","91",6124683
"hrothgarrrr","91",6124642
"The Devoted","91",6124571
"SwarmKiing","91",6124505
"TIK TOKchamp","91",6124499
"G0LD FL0","91",6124496
"puick_scoper","91",6124433
"King_Koontz","91",6124400
"Safturento","91",5989792
"AngryCarrott","91",5989753
"Im Zahikel","91",5989730
"Such A Don","91",5989605
"Mal4onec","91",5989571
"Metalmine341","91",5989511
"Snufflegrunt","91",5989498
"timmy00148","91",5989432
"Castlevania0","91",5989390
"Arimonde","91",5989335
"Oreo4ever","91",5989194
"Missunknown5","91",5989150
"Beef burger","91",5989122
"Erin1151996","91",5989095
"19 02 2008","91",5988973
"Chef oguzkan","91",5988957
"bubba tut","91",5988934
"Kazzarys","91",5988873
"XLordnoro","91",5988819
"Cyanhide","91",5988812
"Snipeguydie","91",5988812
"PandaSava93","91",5988755
"Im Blackk","91",5988746
"Cursebringer","91",5988724
"Slazr","91",5988722
"24augutis","90",5893764
"82z1","90",5893735
"Japles1","90",5893659
"Ryanluke18","90",5893559
"Fatal Move","90",5893505
"Cruelkeep786","90",5893375
"ama sempre","90",5893304
"HairyMoist","90",5893233
"Matheirian","90",5893206
"Wycked Biggz","90",5893127
"HoodedRobin","90",5892926
"x zezar x","90",5892787
"iMoved","90",5892775
"godmage32","90",5892736
"Nickolias21","90",5892634
"Lipin369","90",5892359
"Holy Ancient","90",5892098
"Fe2 My Trone","90",5892051
"Waspider","90",5892003
"Black Ho","90",5891889
"Techionn","90",5891788
"XDXD","90",5891645
"Nox Victoris","90",5891546
"Bluedude3991","90",5891375
"i coop ii","90",5891293
"Vardorvis","90",5543002
"Ducky42620","90",5542957
"Girl555x","90",5542845
"Synome","90",5542811
"Hiodou Issei","90",5542768
"Ya Lior Ya","90",5542753
"Seraph Luke","90",5542708
"xIrevealIx","90",5542686
"Ookusdookus","90",5542665
"Blogathon","90",5542658
"Zealous Zhex","90",5542638
"H a y e k","90",5542635
"Atlantian f8","90",5542613
"Zerberkar","90",5542608
"kinky kills","90",5542594
"Sgt  Kelly14","90",5542594
"MrSese","90",5542560
"Doom Raccoon","90",5542550
"Hmoob Yexus","90",5542549
"808Maine","90",5542485
"Etriams","90",5542439
"Lunokros","90",5542427
"Munchrightv2","90",5542421
"SnowWhitex","90",5542416
"Violent Red","90",5542409
"Kaiaker","90",5422402
"Rainbow 5490","90",5422396
"l3fthhandcig","90",5422395
"Bonkuhz","90",5422389
"An Old Chair","90",5422373
"Mnemonic83","90",5422370
"Wotevaa","90",5422362
"Xiaochi","90",5422353
"00 Rebel","90",5422348
"Buelligan","90",5422314
"AD0RNMENT","90",5422313
"Lorian","90",5422295
"yatesy792","90",5422289
"Ikillnerds","90",5422286
"Raahzak","90",5422244
"Daddies Toy","90",5422243
"Ginnyinindy","90",5422228
"SpoopyEnema","90",5422182
"B Strong Man","90",5422170
"Kaskiller","90",5422164
"Deadwizard60","90",5422156
"Black City","90",5422154
"agentclank05","90",5422150
"SuitOfSkin","90",5422096
"eata deezy","90",5422091
"Gunner 350","90",5351629
"Qc Psyco","90",5351625
"Pixe l","90",5351624
"Fryslancops","90",5351620
"Ephix","90",5351613
"Sqferryman","90",5351613
"Devilsman","90",5351609
"Arcticsnipez","90",5351604
"Kohen R","90",5351600
"Hanzen","90",5351599
"Swordsmaster","90",5351592
"Samthafay","90",5351585
"Thar33","90",5351584
"Peaches4 Me","90",5351582
"Tulitera","90",5351574
"Nice BoobJob","90",5351570
"Shoot Doif","90",5351563
"C0rbin","90",5351560
"One Wet","90",5351560
"TuggsMcDong","90",5351556
"cummedonclit","90",5351552
"AK47-Realm","90",5351550
"Berem","90",5351547
"LilMikey22","90",5351547
"Jara789","90",5351545
"Apeescape4","89",5244015
"Logout-Plox","89",5243830
"corsohl","89",5243704
"Stoney Times","89",5243688
"Zaini Boi","89",5243590
"SeverdSoul","89",5243357
"7in","89",5243034
"OwenRoxzor","89",5243006
"Dameathead","89",5242787
"Wezyl19_PL","89",5242742
"ZeIbauu","89",5242207
"pazzzza000","89",5242181
"lymae","89",5242156
"Giorgio","89",5242060
"Jonwaterfall","89",5242038
"Krish97531","89",5241726
"Pureology","89",5241670
"MicroTakashi","89",5241624
"Desert W0lf","89",5241516
"hitmawife","89",5241228
"Veltixx","89",5241216
"i trick cash","89",5241020
"Divano3","89",5240810
"Under-Aged","89",5240710
"Megyusha","89",5240617
"PapaWho","87",4127835
"Robcreighton","87",4127833
"Errolyn","87",4127802
"Alas Enemy","87",4127770
"Dragon777142","87",4127690
"B u n n y 2","87",4127624
"Borderly","87",4127606
"Smith Sr","87",4127592
"Bearshire95","87",4127510
"redrose0234","87",4127503
"Matalina","87",4127374
"artrix","87",4127329
"Kirito_1322","87",4127320
"Cam Girls","87",4127298
"Vigorot56","87",4127282
"Floor Tile","87",4127230
"Clyden","87",4127116
"Ryakan","87",4126932
"killerloop88","87",4126730
"Sw4gg3rn4ut","87",4126714
"F0XY666","87",4126679
"Pure S  T  R","87",4126538
"SuperVegito","87",4126525
"Jimbob6180","87",4126446
"Esrana","87",4126435
"Xaldri","86",3773726
"Ouhaicast183","86",3773613
"Dizzy Pker","86",3773568
"TehJamster","86",3773567
"frost1234658","86",3773401
"Kristin827","86",3773366
"Divine O_o","86",3773350
"Nanuk882","86",3773331
"Blessed K1NG","86",3773287
"frellen8106","86",3773236
"KP The K man","86",3773216
"RevGengar","86",3773207
"ripper of rs","86",3773163
"Ajo 80","86",3773127
"Nunyobizness","86",3773118
"Neurojunkie","86",3773067
"Hexisexy","86",3773055
"Goodsteel158","86",3773019
"Robinn57","86",3772886
"lowcold","86",3772837
"Sk4t3r 15","86",3772792
"AlbonEpstein","86",3772760
"Seigar","86",3772733
"19fastmicro","86",3772530
"BLACKWALKER","86",3772414
"Four Thirty","85",3283499
"WickedSinz","85",3283491
"Bluebee1104","85",3283482
"ImSlovakGuy","85",3283475
"Swanton Time","85",3283456
"MikeeyP","85",3283437
"Kurama Ahri","85",3283416
"Archanum","85",3283413
"Aresian","85",3283410
"Dorthea25","85",3283407
"EighthOf Dro","85",3283406
"Hidden-Tide","85",3283405
"eleventi","85",3283402
"Skeleton Set","85",3283386
"breakeven","85",3283382
"Sidnator","85",3283378
"Friisky","85",3283373
"g0d smack","85",3283366
"Prince Stark","85",3283360
"Fennikz","85",3283359
"Draventhered","85",3283357
"Aldenor","85",3283353
"Teletoby","85",3283351
"SaviDge","85",3283344
"Mini Null","85",3283335
"Just Badger","84",3100672
"Agroven","84",3100656
"poupadinho","84",3100631
"brunotex","84",3100599
"MrSnow122","84",3100502
"Active Dream","84",3100483
"Anna_Katana","84",3100444
"shadow nex12","84",3100424
"Visoured","84",3100421
"TimeApollo4","84",3100369
"Kazjaxen","84",3100354
"bbnm000","84",3100261
"Thorton497","84",3100248
"Eagletalon_X","84",3100248
"Inlove41","84",3100181
"Jegradoodle","84",3100134
"EJK","84",3100068
"Riotzz","84",3100064
"Mateusz Pl5","84",3100058
"Yew Wong Nub","84",3100028
"Fighting Yes","84",3099950
"babyjonah","84",3099905
"SurviveIsKey","84",3099888
"Jaydon_F","84",3099882
"T H R I F T","84",3099831
"The J K L","84",2962774
"SlayMYTH","84",2962747
"lukeva tutka","84",2962729
"nick-arkel","84",2962702
"BeamoFails","84",2962690
"Mr Carter","84",2962686
"7OwlsBrJrvg","84",2962671
"jera-moon","84",2962668
"X Atroxii","84",2962610
"39good2925","84",2962574
"Zimp99","84",2962566
"The King JD","84",2962552
"Maffhew","84",2962526
"Tessuu92Iron","84",2962500
"blazingace","84",2962415
"Azualblood","84",2962370
"xMarkos","84",2962345
"viving Rambo","84",2962276
"OutlawBarbie","84",2962274
"Rythosium","84",2962247
"C v5 H Myth","84",2962239
"WuuTangClan","84",2962234
"Radler","84",2962234
"SakiNikaido","84",2962222
"Powerdude994","84",2962165
"Reapingz","83",2756826
"milky123bar","83",2756794
"Scenn","83",2756758
"ohhhmygahhwd","83",2756742
"Baked Yam","83",2756725
"Yuishinzo","83",2756714
"Saloria","83",2756703
"Fool of Olde","83",2756700
"ThisNicc","83",2756696
"Spaith","83",2756661
"Waaang","83",2756652
"Dead zone 40","83",2756647
"Kingdamage3","83",2756554
"Lord Ouro","83",2756538
"Rex Taco","83",2756535
"Elyniah","83",2756513
"S a D o s i","83",2756504
"ooStarGirloo","83",2756467
"GODOFDAB","83",2756434
"lemiatre","83",2756395
"Bkk1090","83",2756371
"Smrarcher","83",2756365
"LumberMonkey","83",2756336
"xHighChronic","83",2756284
"Mr Oddjob","83",2756260
"Tristicles","83",2726870
"PureMurderr","83",2726851
"R 3 V I L O","83",2726849
"jar jar478","83",2726812
"DcnMCokNer","83",2726784
"ObeseSloth69","83",2726772
"NotaCola","83",2726738
"Warmhelm1934","83",2726728
"Knartos","83",2726703
"J0ker Sabre","83",2726651
"Wardock 1080","83",2726577
"Mike Fadedd","83",2726554
"criticmbso","83",2726500
"1 prayer plz","83",2726494
"Oh My Weesss","83",2726487
"Grizzly Dipz","83",2726486
"SaltyVinny","83",2726468
"AmbientSmok3","83",2726461
"doozle","83",2726443
"Moneymonsty","83",2726416
"1GP to 108M","83",2726360
"Cadet Mager","83",2726284
"Wierd Wiza34","83",2726230
"MomSpaghetti","83",2726226
"Jangirl","83",2726115
"Lost-Gundam","81",2410566
"Kegom","81",2410527
"Jr000","81",2410523
"Magicmind730","81",2410519
"Marsh Kid","81",2410482
"Satt","81",2410472
"Dank Dennis","81",2410433
"Yassor_99","81",2410420
"Fanthomas","81",2410401
"RCvp","81",2410364
"Knerten","81",2410341
"Pvnish","81",2410267
"Reddoor11","81",2410263
"drevilswater","81",2410252
"Yolinky","81",2410212
"Grim_Mega","81",2410141
"tha-lost","81",2410089
"WarLord Z","81",2410060
"s3bhill","81",2409990
"Drawzan","81",2409896
"King Po Town","81",2409862
"Venf3z","81",2409838
"Upyours421","81",2409831
"Pit Pit7","81",2409779
"Busta Lee","81",2409771
"Dude57","81",2290706
"Qbal 6","81",2290657
"give me 75k","81",2290656
"FogueteSemRe","81",2290645
"Ghost boy5","81",2290629
"GoodFightRIP","81",2290621
"Funt3r79","81",2290615
"karvoitus","81",2290554
"Cougarfan71","81",2290546
"prawns","81",2290539
"VicBoss","81",2290508
"KingZulu 95","81",2290497
"Ded Ms","81",2290496
"JustJenny","81",2290476
"Jozef20","81",2290442
"GrownManLoot","81",2290417
"Dunsen","81",2290414
"Areis 17","81",2290413
"T H E OG","81",2290390
"GodsBlade27","81",2290366
"Owls Castle","81",2290338
"Iamcll","81",2290331
"Iron Puppyy","81",2290325
"Itasca","81",2290319
"Feather Mens","81",2290312
"feastofdeth","81",2242285
"Mercinary2","81",2242251
"BootyClappin","81",2242247
"inBl0om","81",2242241
"Moreshycow","81",2242240
"Squeeza","81",2242240
"Percuscio","81",2242238
"skuikelo","81",2242228
"Mutantsquril","81",2242216
"Dikke Sul","81",2242214
"Syndraleth","81",2242210
"Zakega","81",2242147
"dubman999","81",2242146
"Uchijav","81",2242100
"DoveofFlames","81",2242088
"Dampureme","81",2242085
"LordHitman","81",2242081
"Jvs 95","81",2242073
"Orbithin","81",2242046
"BigMuss","81",2242042
"Loudshadow1","81",2242042
"osbuddys","81",2241988
"Fj2340","81",2241942
"Skyxix","81",2241942
"Redog 399","81",2241916
"Willieworm2","81",2233708
"Siowen_Noss","81",2233690
"MyPeenBleeds","81",2233688
"Raine Fall","81",2233660
"[#FXCLIJC8T]","81",2233652
"Swarlees","81",2233650
"A Kabutops","81",2233619
"Hey Beans","81",2233617
"GC Stone","81",2233605
"Sirruneski","81",2233588
"Hawking456","81",2233585
"Hellbinn","81",2233572
"Sasha128","81",2233565
"tifftiffau","81",2233544
"Bullet Beard","81",2233481
"Laptop98","81",2233471
"mill x w33d","81",2233468
"JollyBoyJohn","81",2233467
"Marafrena","81",2233462
"Dieguinho123","81",2233455
"Jonasa","81",2233443
"dol1t","81",2233441
"Attma69","81",2233431
"YaBoyBarlow","81",2233424
"Skelezar","81",2233410
"Tennieen","81",2223921
"Juan For You","81",2223890
"PugDesu","81",2223874
"Sp Rokka","81",2223862
"Homies556","81",2223860
"Espartano ll","81",2223822
"Lilleymoondo","81",2223816
"Brickwall","81",2223798
"ICraZy_BraT","81",2223792
"DustyBoars","81",2223780
"Infernoxax","81",2223777
"Qwerty Wizz","81",2223775
"birbeon","81",2223756
"LambdaLeonis","81",2223741
"Pronear","81",2223736
"MansonsKiss","81",2223726
"Z1f","81",2223700
"Panzerfaust","81",2223699
"GetGladiron","81",2223678
"archapollo","81",2223662
"Chrysalia","81",2223641
"freek vii","81",2223622
"Sve99","81",2223553
"king0fdark7","81",2223550
"PMW Guy","81",2223523
"iamklem","81",2210659
"chip1995","81",2210647
"Waggyy","81",2210641
"sna","81",2210634
"SaintofBread","81",2210630
"RyuiQson","81",2210620
"Futaaja6","81",2210612
"The only Jef","81",2210596
"God Hachi","81",2210589
"RvSWAZvT","81",2210588
"Pegasus Iron","81",2210573
"test ph1","81",2210566
"Iliess11","81",2210558
"Alalamakala","81",2210553
"tree thot","81",2210546
"A Red Sun","81",2210544
"Mel Wraith","81",2210542
"[#IX02ENPYG]","81",2210538
"Dam Hommie","81",2210525
"Snowflex","81",2210518
"kittykat0010","81",2210510
"fidget666","81",2210508
"Sven Svenson","81",2210503
"King Cammy","81",2210490
"ScarFace21","81",2210475
"DoeBiden","80",2130665
"Gundum551","80",2130651
"Big Pa","80",2130629
"Saidane_123","80",2130625
"Events","80",2130593
"VolatileClaw","80",2130592
"Pavar0k","80",2130587
"Silver Me111","80",2130584
"lievenp","80",2130581
"Feezy Fee","80",2130579
"Ava_Rarity","80",2130574
"No1 x Whitey","80",2130572
"Profectio","80",2130557
"ObiBraden","80",2130551
"XxNOWISONxX","80",2130534
"FreeTacosPlz","80",2130511
"Darth DODO","80",2130462
"FR33 JOK3R","80",2130444
"Sizzled0","80",2130431
"Shax1e","80",2130420
"weaponizer98","80",2130408
"Deltyrie","80",2130380
"Y o u t ube","80",2130349
"VaelAraragi","80",2130343
"Michaels 9th","80",2130326
"Giving In","80",2102831
"21 Lunar 425","80",2102804
"1 fletching","80",2102800
"IS LIFE FUNN","80",2102800
"Swearthagod","80",2102764
"Lucid Puke","80",2102746
"LeonParadis","80",2102740
"Turtle Tash","80",2102739
"Kazehana","80",2102722
"Toasty Jaw","80",2102718
"paddywhaack","80",2102714
"Misaki Rin","80",2102713
"Kyouma-Okabe","80",2102711
"Juddee","80",2102706
"Cyberflunked","80",2102697
"Hulkamania17","80",2102692
"[#LEKALQ6K6]","80",2102656
"WearTorva","80",2102638
"jonesy1047","80",2102627
"Topaz rs3","80",2102596
"BenjaMunk","80",2102594
"Smurf11292","80",2102576
"iTz Boring","80",2102569
"Il Craver Il","80",2102562
"Philio17","80",2102555
"Squidily","80",2012419
"NekoKitty25","80",2012419
"Sade KATANA","80",2012412
"Dark Dracula","80",2012409
"rufios","80",2012408
"tk2themax","80",2012408
"Takeout24","80",2012405
"Jenna 113","80",2012402
"Darcri69","80",2012402
"Odd Sounds","80",2012400
"NimbleMe","80",2012389
"Nordica Skis","80",2012387
"Xarius","80",2012386
"Nimrod9","80",2012383
"Brimstone225","80",2012377
"bahamabrian","80",2012376
"Harlizard","80",2012376
"Al Sharpton","80",2012375
"shinee beast","80",2012368
"Doomah1","80",2012364
"Trafalcon21","80",2012355
"Old Poke","80",2012351
"Starlupegirl","80",2012348
"WhatToBuy","80",2012346
"LegHitchThis","80",2012344
"Zo0can","80",1997844
"redcore67","80",1997840
"Bullet Vibe","80",1997836
"Masterchif","80",1997827
"Destronomics","80",1997826
"flippy0","80",1997822
"Ridenss","80",1997821
"fatalscaper","80",1997819
"67iceman","80",1997818
"BillyThe5th","80",1997811
"Mauli95","80",1997810
"KheezeKake","80",1997806
"Alching Bgs","80",1997805
"Disce Cd","80",1997805
"A N S A IC93","80",1997802
"Derpy_c","80",1997796
"LegacyRX","80",1997787
"Tyr321","80",1997782
"Arbs001","80",1997782
"WaterSurge","80",1997781
"Sonic Rave","80",1997779
"MuchoDinero","80",1997779
"[#840HFGZQA]","80",1997777
"Brahzz","80",1997777
"Deinvia","80",1997776
"MrBeney","80",1997774
"Ateag","80",1997773
"k1ng of snow","80",1997771
"X_kai502_X","80",1997770
"Circa Storm","80",1997768
"Pure Beauty","80",1997764
"Kwurzel","80",1997763
"Dark Arkane","80",1997761
"RektGinger","80",1997757
"h00dnu99et","80",1997754
"Ashbeelax16","80",1997742
"Tyrs-Law","80",1997741
"Flamer","80",1997740
"Katherines","80",1997739
"noo air","80",1997734
"cccouture","80",1997733
"Velarice","80",1997732
"xiPr0LeGiiTx","80",1997724
"Strohme","80",1997721
"Siladrim","80",1997720
"tubbytuna","80",1997720
"Lynkboz","80",1997718
"T_No","80",1997716
"GrimRipper91","80",1997713
"E Dragon 975","80",1997713
"A Lazy Slave","80",1994600
"Soodle Noup","80",1994598
"lub3r jack","80",1994597
"Mattbobby20","80",1994596
"dragong mens","80",1994595
"X Magepur X","80",1994595
"Fatti_Daddi","80",1994591
"Boots Girl","80",1994591
"purplel74","80",1994589
"Trifeel","80",1994586
"EntropyX","80",1994583
"TreyWayyish","80",1994583
"H 4 X 0 12","80",1994582
"NoPecsNoSecs","80",1994582
"Dmoney1258","80",1994580
"JustxnClay","80",1994580
"MorissioQc16","80",1994578
"thebesch","80",1994578
"BabyKraken","80",1994575
"Ax0","80",1994575
"Hardman786","80",1994575
"GoonCleanly","80",1994574
"Clipson","80",1994570
"Captn Nalar","80",1994569
"pm_me_again","80",1994568
"R O J A","80",1990320
"mike2781","80",1990319
"Metagross371","80",1990319
"Xxfoamyx5xX","80",1990316
"Big Knacker","80",1990315
"Egnar67","80",1990314
"S C R E E","80",1990312
"ImProseltute","80",1990311
"Neo XVII","80",1990310
"Tharanar2309","80",1990310
"Legendcow","80",1990309
"Bcspear","80",1990307
"HolyAleries","80",1990304
"MrMarmon133","80",1990304
"JokeStar","80",1990303
"737firetrios","80",1990301
"ExtremaRati0","80",1990300
"BodachAlba","80",1990300
"[#XBWKEBVJ8]","80",1990299
"Viper4u","80",1990299
"N0obslayer13","80",1990299
"sh231","80",1990299
"giesgoert","80",1990297
"Mr Major Ear","80",1990295
"Runkpecalabc","80",1990294
"Josh 9 0 mk2","80",1990129
"Ryan of CE","80",1990128
"rrodrig0","80",1990124
"Shave Yo Leg","80",1990123
"Brbgottatoke","80",1990122
"Mason1234525","80",1990122
"TypicChain2","80",1990120
"Blackfang296","80",1990120
"ripinguinhal","80",1990119
"kuuuuuunta","80",1990117
"Skaboodledoo","80",1990116
"DarkRising","80",1990111
"Dolce Morte","80",1990110
"Ilti Sanguis","80",1990109
"Sulimo","80",1990106
"Flysigil1981","80",1990106
"stxtis","80",1990106
"PinkieDPie","80",1990105
"N33p0","80",1990103
"Astradios","80",1990101
"Petro205","80",1990101
"Hoobas","80",1990101
"TuPatchJakur","80",1990101
"HardCorSucks","80",1990100
"Willkham","80",1990099
"DeathDeflect","80",1990062
"blondie 557","80",1990062
"sivioke w33d","80",1990061
"Sir Universe","80",1990059
"Sword2sword8","80",1990058
"Mr Demonare","80",1990056
"Palkansaaja","80",1990055
"real-zuk","80",1990055
"When Die","80",1990055
"CoreyStokz","80",1990053
"Nicol","80",1990051
"Gtse4","80",1990048
"Sheru","80",1990047
"Alarayza","80",1990047
"Sire Fisk","80",1990047
"Inika 94","80",1990043
"AlphaMale 73","80",1990040
"Jeanathon","80",1990040
"Icewolf250","80",1990035
"S1L3NT SAM","80",1990034
"wh1stling","80",1990034
"PrezAnyKey","80",1990033
"Omerta Siamn","80",1990030
"18B","80",1990026
"Smartshave","80",1990025
"GHC666","79",1805638
"Rodion93","79",1805630
"Lyonsden10","79",1805582
"fish man 623","79",1805566
"Hucks","79",1805534
"Mariany16","79",1805532
"Jesvedius","79",1805528
"Hevyweapon1","79",1805498
"WisperinEye","79",1805467
"BSN Beast","79",1805466
"ElderGod505","79",1805434
"Beanzburd","79",1805430
"Arrapoka","79",1805395
"razorstone","79",1805363
"Jo-ann21","79",1805356
"OGSMAMA","79",1805350
"Mellotrons","79",1805338
"PersianJew","79",1805334
"i 99i","79",1805330
"Dofflixw","79",1805326
"19riihis97","79",1805267
"22firfox","79",1805247
"El Sacred","79",1805176
"Ida1939","79",1805174
"GanonDelux","79",1805164
"Elsancho BTW","78",1766996
"ToxicDecay","78",1766991
"Bow0rDie","78",1766976
"Sead 147","78",1766877
"Nvrse","78",1766841
"Wrathofjhi","78",1766841
"black pubes","78",1766814
"Fe Natsu","78",1766803
"toad freak2","78",1766788
"SuprKamiTaco","78",1766688
"Kydrus Ewok","78",1766657
"Drussviperzz","78",1766570
"snackm0nster","78",1766562
"Titus Novus2","78",1766555
"69r0x","78",1766544
"Zhong13","78",1766420
"Cl2","78",1766392
"I  H4x  I","78",1766377
"Faheart","78",1766322
"That Guy991","78",1766311
"Limetriangle","78",1766301
"Itsu Yashi","78",1766285
"Hans Watson","78",1766281
"Bonts347","78",1766256
"Okiho","78",1766210
"Lifesentence","78",1697261
"OCG_Fusion","78",1697224
"Murs0t","78",1697214
"Tr33frog","78",1697212
"27pensfan27","78",1697205
"Apu_Fren","78",1697169
"007 DREDD","78",1697153
"Sabence","78",1697148
"Gamergirl900","78",1697107
"Down Fazed","78",1697097
"saarland","78",1697040
"x TRAGiK x","78",1697033
"Psykomarko","78",1697014
"Snakob","78",1696980
"daymond100","78",1696963
"Dagoth Pie","78",1696931
"Gemmini09","78",1696926
"The Hallux","78",1696926
"Me No Brains","78",1696908
"NOSjuice","78",1696890
"Lilchope","78",1696883
"DeadlyFedora","78",1696880
"Arverjeti","78",1696854
"xF1RSTL3G1Tx","78",1696828
"KING EAGLE X","78",1696820
"Enzo Blades","77",1533576
"G Put Put","77",1533516
"Deathwarstrt","77",1533491
"Bad Boy 282","77",1533485
"Sir Fairmont","77",1533482
"Farquaad EX","77",1533481
"Indian","77",1533478
"KDIWM","77",1533428
"FTWSPAWN","77",1533410
"ShadowBrood","77",1533406
"StrangeMusiQ","77",1533405
"Nuorvegas","77",1533398
"unsuperman69","77",1533394
"Marijndr1","77",1533393
"Master Spark","77",1533391
"Auq","77",1533389
"Dragon Darkh","77",1533374
"shipwreck92","77",1533366
"Weedlore","77",1533354
"Frumpet","77",1533312
"Tiny Thai","77",1533289
"PorkingBeanz","77",1533285
"DUR DEE DAN","77",1533271
"Viva Buchu","77",1533268
"DarkMagicinY","77",1533251
"Paul MacBeth","77",1477034
"Shadowcaz","77",1477019
"Mitch 5105","77",1477017
"Dreadzie","77",1477011
"Raylectra89","77",1477001
"Coliflower23","77",1477000
"VoiidPlay","77",1476997
"TheMagicPee","77",1476996
"MiiChan","77",1476994
"Heartbleed","77",1476990
"El Matheo","77",1476989
"Zwijgrecht","77",1476983
"TenYearsAway","77",1476980
"Gramps 998","77",1476977
"Bomantor7","77",1476975
"Frodon KC","77",1476967
"Stealcork972","77",1476961
"tuccci","77",1476954
"Whtwnderguy1","77",1476944
"[#W4MZ8ERQK]","77",1476941
"GhostTBear","77",1476940
"RoyalPenguin","77",1476931
"xp at work","77",1476927
"Total Of Pvm","77",1476927
"x_skillz O_o","77",1476923
"Unox678","76",1450270
"riftgurdian","76",1450264
"Tenzerr","76",1450219
"thunder25102","76",1450149
"0gocastfury","76",1450141
"wscred21","76",1450109
"Gigamonster7","76",1450070
"Lightsout700","76",1450066
"BoomBadaBaam","76",1450063
"Jogobonito24","76",1450050
"Sicks t9","76",1450024
"Mehwii","76",1449974
"CyberVII","76",1449961
"RSN HARRY","76",1449885
"Mom Im Zally","76",1449881
"1337 4g3nt","76",1449833
"Ana Maghrabi","76",1449810
"Dr Pepper216","76",1449794
"Doctor Lesko","76",1449792
"cnoirt","76",1449780
"Travy Kittin","76",1449739
"Romleus","76",1449733
"LangGale","76",1449716
"Billygoro39","76",1449702
"Spikesmyrat","76",1449690
"Sirkiller8","76",1410398
"Zygas Alt","76",1410395
"who is mulli","76",1410390
"I am finally","76",1410389
"Nateburd007","76",1410388
"Cindari","76",1410386
"R Coleman","76",1410382
"Lucozade888","76",1410361
"Gran Zeph","76",1410356
"Loading Pro","76",1410342
"1Price Plank","76",1410336
"hohaia","76",1410330
"hol my gut","76",1410315
"Banaboy8","76",1410314
"SKYNETMORT","76",1410277
"10 T0E5","76",1410272
"Pr0bablyT0m","76",1410270
"DellburRs","76",1410255
"dsantruyfder","76",1410233
"Lagiiaa","76",1410228
"Qualioz","76",1410217
"tapliNPro","76",1410214
"eylph","76",1410211
"Oink Play","76",1410206
"Dg Da Bomb","76",1410198
"0fMiceAndSam","76",1402597
"Nufc Wins","76",1402585
"3defpures","76",1402581
"Vash Ketchum","76",1402579
"DC Proxy","76",1402579
"awo96","76",1402573
"Renji338","76",1402572
"4444alex4444","76",1402566
"itsmanuel","76",1402561
"Bad Wolf","76",1402501
"AcceptdaBeef","76",1402496
"Trebbag","76",1402495
"motox793","76",1402491
"Watai","76",1402488
"kg802","76",1402484
"TheXGent","76",1402470
"Pk Fakad Pk","76",1402460
"Playboi_Crt1","76",1402434
"Xartius","76",1402425
"Cruel Tuna","76",1402407
"GaIantis","76",1402391
"Catt Lauer","76",1402387
"Bungi","76",1402366
"53miner1411","76",1402357
"Sir Holy25","76",1402346
"Tamy","76",1386849
"Doomd665","76",1386835
"Trololohumor","76",1386829
"3xcalibuR17","76",1386815
"VirkDiesAlot","76",1386797
"Den Haag FFs","76",1386790
"xobluedude33","76",1386789
"Centrophorus","76",1386782
"Logan Cifer","76",1386771
"Xamot VII","76",1386762
"runelover98","76",1386760
"Tigerrage678","76",1386747
"focaetilista","76",1386745
"littlegboy24","76",1386742
"Wolftrimi","76",1386739
"XxDorKiEmEXx","76",1386729
"Yonie44","76",1386700
"[#LHPGHUFX1]","76",1386684
"LudioDivinum","76",1386681
"doctrdoom","76",1386679
"tykike sitta","76",1386677
"Kool Cape","76",1386674
"Ultronoz","76",1386651
"Im Sprained","76",1386641
"Yrjo Vala","76",1386639
"Billy Potter","76",1353723
"Jake Zoidien","76",1353716
"Xeviper","76",1353709
"Throwslay852","76",1353694
"ToxicNemesis","76",1353693
"Rafikie","76",1353689
"misty sky","76",1353687
"Dr Dray103","76",1353686
"michke1970","76",1353674
"The Doug","76",1353658
"zmmy str","76",1353628
"PencHe03","76",1353627
"LAROUX-DUB","76",1353603
"UMCMamaGator","76",1353573
"Astrosboy05","76",1353562
"Schwarzflug","76",1353561
"thechump","76",1353555
"dk-angel","76",1353552
"chemo philly","76",1353546
"witchovsalem","76",1353537
"Leogetshead","76",1353535
"O ooo Udead","76",1353530
"Ukamarum","76",1353505
"Leonardo1248","76",1353497
"Fai Lure","76",1353490
"beatzrerrry6","76",1343531
"pissn poo","76",1343527
"Psy Fi","76",1343520
"Amanda Plox","76",1343512
"Wolves730","76",1343510
"Dezral","76",1343510
"Drumlegand1","76",1343502
"99_Hatred","76",1343501
"Zesty Leek","76",1343492
"Kyro3","76",1343465
"kirito1936","76",1343462
"Mind545","76",1343459
"Sir Jack268","76",1343443
"Grandpanoc","76",1343435
"Philpotts_36","76",1343431
"dickhips","76",1343427
"Slim_Shady23","76",1343417
"str8 punk89","76",1343414
"PrinceUndead","76",1343413
"MountainRock","76",1343410
"IrishThumper","76",1343408
"Icer 75","76",1343402
"Ccscramlin","76",1343396
"[#W7HLQ21BE]","76",1343393
"Goldblood44","76",1343391
"tony500","75",1301187
"Bdaking159jr","75",1301182
"MWGG Mufaine","75",1301152
"Spridsanewb","75",1301149
"Gizzmo110","75",1301146
"Hazninelivez","75",1301145
"ScoutBully69","75",1301124
"WhatItDoCuhz","75",1301123
"GramCoker","75",1301111
"Toasty HB","75",1301095
"IRL4DAWIN","75",1301090
"neukju","75",1301083
"Muneb0","75",1301071
"carbo7474","75",1301068
"Stashes","75",1301066
"xrayz88","75",1301065
"DireTheBlack","75",1301050
"Kyleg531","75",1301032
"Malakai1","75",1301027
"Alessanthea","75",1301024
"Sassykat777","75",1301021
"Oipih0100","75",1301020
"Tupacsh","75",1301019
"Andersxxx8","75",1301017
"Arrzon","75",1301012
"GumDropCakes","75",1228676
"Dark Coltzan","75",1228676
"iiown 4 fun","75",1228670
"lL0NERANGER","75",1228668
"rafiki001","75",1228666
"Black Star16","75",1228663
"Azzanadra","75",1228660
"Vls GoD12","75",1228654
"bigjoeluv27","75",1228651
"VerdeHaze","75",1228648
"SageRadical","75",1228642
"mitchellbell","75",1228641
"Bugs Bunnyo","75",1228640
"Jakeyboy700","75",1228636
"John Snipe66","75",1228635
"Lil Sazero","75",1228631
"dustin123456","75",1228630
"VanBridder","75",1228628
"SLO X guy X","75",1228627
"chopchpchop","75",1228622
"Drkmagician2","75",1228621
"Burning moon","75",1228621
"tyoot","75",1228620
"[#WSYNRT4V0]","75",1228619
"ZNito","75",1228619
"Ultimate1133","75",1214117
"Nukes_RB","75",1214116
"Ravard","75",1214115
"Bwc7766","75",1214114
"Frozwuld","75",1214114
"Toymaker1029","75",1214113
"Lilboy204","75",1214111
"6dad","75",1214111
"DrCapital","75",1214110
"35 Rage 1875","75",1214110
"PineInchNeni","75",1214109
"19 Twink","75",1214108
"Miss Gabby","75",1214108
"MetalBlade88","75",1214108
"Pobre Loka","75",1214108
"Unexampled","75",1214108
"alf-har","75",1214107
"AOE Ares","75",1214104
"SilVeOh","75",1214102
"Guilty Dogg","75",1214101
"bubbi277","75",1214101
"Nanoir","75",1214100
"aviatorfade","75",1214097
"AjaxJG","75",1214097
"Webbslayer12","75",1214097
"February 19","75",1213413
"Neto237","75",1213412
"im_mojo","75",1213411
"mxred","75",1213411
"True Rebel","75",1213409
"Peeka Choo","75",1213407
"BigRigg","75",1213407
"Service 69","75",1213407
"Andy Who","75",1213406
"SlimySalmon","75",1213405
"AssAddict69","75",1213403
"Legacy of 07","75",1213403
"EliteWolf98","75",1213402
"Frankenpope","75",1213401
"BigBruce1","75",1213401
"Cerseis","75",1213401
"Solid100","75",1213400
"Saleem282","75",1213398
"xPro HP","75",1213398
"DankKusshh","75",1213398
"Marty Diff","75",1213397
"Helard Orc","75",1213396
"Jason Finx","75",1213396
"Heathen Call","75",1213395
"Deziouxtag","75",1213395
"Miss Sickly","74",1096348
"demonologist","74",1096346
"RipYn","74",1096345
"Mantyler","74",1096339
"Panoldark","74",1096338
"Uk Topcat","74",1096338
"Shadowrommy","74",1096335
"Leviwinks","74",1096334
"red flame93","74",1096333
"vilkelis26","74",1096331
"SoleXe","74",1096324
"h ipp o","74",1096324
"Yea633","74",1096319
"Futamer","74",1096316
"Mr_Pipe33","74",1096313
"LATIN JUAN","74",1096312
"Tharis1618","74",1096311
"P otato","74",1096309
"Thiago A7X","74",1096308
"Elcomegallet","74",1096307
"Ridegold2335","74",1096302
"Dusky453","74",1096299
"Topitai","74",1096298
"God Gregorio","74",1096295
"1-800-Mark","74",1096290
"[#LL11W7E6K]","73",1081161
"Stealboy4","73",1081119
"Pandamasta","73",1081114
"Scll Allstar","73",1081108
"Zynnove","73",1081103
"Inshore Yak","73",1081080
"Jensninja","73",1081044
"AngelicTrue","73",1081037
"sampleri1213","73",1081029
"[#G2L1UXX33]","73",1080973
"Snorona","73",1080962
"Tutu I","73",1080959
"Cats Cousin1","73",1080928
"xXMickeyMXx","73",1080918
"Weaponless95","73",1080909
"Kosaru-Kun","73",1080889
"Kur8y","73",1080886
"I TwoBit I","73",1080863
"r0b_92","73",1080849
"hitman14040","73",1080847
"Coocomo","73",1080830
"regg343443","73",1080816
"glidz jnr","73",1080799
"Chief_Malone","73",1080784
"rufus draco","73",1080761
"BelleVariant","73",1068047
"Jimbob5510","73",1068044
"lilsavage","73",1068029
"Vega btw","73",1068024
"07shadow600","73",1067990
"Wolfman131","73",1067987
"Hahnsolo18","73",1067975
"meow6lives","73",1067917
"Liamlpc0","73",1067901
"Ytwou","73",1067891
"FadedRoyals","73",1067887
"Bul-Gae","73",1067868
"Atyl","73",1067851
"C4L1G1N0US","73",1067850
"c12 h16n2","73",1067843
"Happy0 0","73",1067838
"Satura","73",1067826
"AdjectivSavv","73",1067812
"Joandegeonx","73",1067809
"Orlashing","73",1067779
"TheBetrayed","73",1067752
"ajitheman5","73",1067743
"DrowsyLaw","73",1067735
"King Shminer","73",1067718
"Buddy Bwah","73",1067706
"ABsinthe912","72",991027
"Sleckz","72",991023
"AmpOverload9","72",991009
"Shiskk","72",990994
"Grimnarok","72",990992
"Devinedevil3","72",990986
"Sorfas147","72",990982
"Poetic Irony","72",990975
"herro_arran","72",990972
"Cella Jane","72",990941
"Runeanial8or","72",990910
"Hogstar321","72",990906
"jettyjet bro","72",990885
"chiken7263","72",990878
"Ko_StYllEzz","72",990869
"Wartmonger","72",990859
"Airspan","72",990855
"UofL","72",990825
"jaybizzle2","72",990825
"gothxc","72",990813
"PK L3G3ND","72",990811
"Stinga40","72",990805
"amybishhh","72",990792
"SirWhite","72",990777
"xCitlali","72",990766
"Juaquin21","72",942097
"Kam 420","72",942088
"Halgiernon","72",942079
"Spongewho","72",942075
"KiniMina","72",942071
"im essential","72",942059
"Aarond40","72",942058
"Fe Drops","72",942055
"Brother Ion","72",942048
"Fatmun","72",942040
"WinGzReaPer","72",942026
"Hashbrown18","72",942026
"MC_ClamBake","72",942020
"Pikachu20","72",942020
"Elephlant","72",942017
"70sweet1716","72",942011
"Floppey","72",941998
"EMPERORfill","72",941994
"RH Teachers","72",941992
"Ehkcel","72",941948
"F2PKz","72",941946
"LORD ARCEUS","72",941945
"wanneso","72",941943
"WarHawk_656","72",941940
"pearlyboss","72",941936
"zezimafan195","72",905863
"Extchar","72",905862
"PVMattigan","72",905853
"daddidinkler","72",905849
"00chuby00","72",905844
"Zerozebo","72",905839
"Rubengomes1","72",905839
"Blue Whale35","72",905839
"80 Fire 2299","72",905835
"Miumi","72",905828
"Dogatthedoor","72",905826
"Cpt_Morgani","72",905824
"EZshooter","72",905814
"BigGucci","72",905810
"Elenaryana","72",905810
"Nub Swag","72",905804
"Lil_Bick","72",905786
"Pluto Curse","72",905785
"Kagomee","72",905766
"W A V S","72",905765
"Pauwels","72",905762
"Highman150","72",905762
"pwned 54","72",905754
"DEATHW1SHH","72",905752
"Andbuch","72",905749
"swaziland","70",792781
"Runer12479","70",792781
"AkitaLuna","70",792778
"Mr SoSa","70",792771
"SirOssi","70",792763
"djonk0","70",792762
"Rodrigo1533","70",792757
"IronAphnesa","70",792757
"Pyroomaaan","70",792753
"Cookiefatman","70",792744
"Stonedanone","70",792740
"Fatnugz","70",792740
"III GiTaLyFe","70",792740
"aHIkifNrA","70",792740
"Fredefred","70",792739
"iGazz x","70",792735
"83melzar1063","70",792728
"Scourged Str","70",792727
"Gonaherp","70",792725
"Illuvatar","70",792720
"vape l0rd 56","70",792718
"bigthumpy","70",792713
"IceKnight64","70",792706
"amHTXKS3v","70",792705
"FalkonVind","70",792704
"Romero 619","70",784147
"1 Allstar0","70",784145
"MV Besouro","70",784138
"Mitsuky","70",784136
"atYcuWTAT","70",784131
"Skkillerriss","70",784124
"ZeeVoo","70",784124
"Pnuty_93","70",784120
"Mattyc12345","70",784119
"Toxitalk","70",784117
"chipcax55","70",784115
"MrRlG0Ur","70",784111
"Varack Obama","70",784103
"Humphreaky","70",784101
"Dino Top","70",784094
"Tharbakery","70",784094
"Raptor68","70",784091
"aikzzzz420","70",784079
"Zikkou","70",784073
"Fran876","70",784070
"Titus51","70",784061
"Marlon Craft","70",784059
"Blosto","70",784057
"D00m5dayxx","70",784053
"I am Kshanti","70",784051
"Smugpoon","70",775797
"darklotus929","70",775794
"Devilman0130","70",775794
"TrimmedMage","70",775793
"Finefactcat","70",775792
"Tau Lord45","70",775788
"Lystra","70",775788
"Kveer","70",775787
"Gay Buffalo","70",775780
"Emmanellain","70",775780
"gooftoof","70",775776
"KillerxQueen","70",775775
"Upgradegod","70",775773
"Ricky Fort","70",775766
"aARm5O1cy","70",775766
"Bingobasil","70",775763
"HonestTalon","70",775750
"t54t45bgnhng","70",775749
"Lilspongex2x","70",775749
"SmokkPurpp","70",775747
"L-Tokerr","70",775746
"Oempa Loempa","70",775745
"Zico229","70",775741
"vc v","70",775738
"Hizuun","70",775736
"Ivy Samurai","70",774943
"Froggydoodle","70",774941
"bakednshook","70",774936
"XxKaosxX1341","70",774935
"Ildaleigh","70",774934
"Castrotion","70",774922
"GDoe5","70",774916
"amink99","70",774914
"vanilla sun","70",774913
"jpoppe01","70",774897
"OgarRal","70",774895
"Mcgrien","70",774886
"JW88","70",774885
"New Sorry","70",774885
"TeamSmike","70",774884
"iFamine x","70",774883
"black_slown","70",774876
"Vamp Lord","70",774875
"Ramo_J","70",774872
"ThugsBunny","70",774870
"Ajinz","70",774862
"Ra Kzii","70",774862
"Hahanoob27","70",774854
"septilogy","70",774851
"Boopie12","70",774842
"Lack Of Zeal","70",755834
"MacDunwald","70",755827
"Zaviah V","70",755824
"72737272","70",755820
"Killerpkr155","70",755820
"sencore","70",755817
"SwaggyGoatt","70",755813
"lFree Money","70",755810
"MrDubz","70",755810
"nattynate420","70",755807
"Dj Playford","70",755805
"RobIsAScrub","70",755804
"[#50G10XHBV]","70",755798
"Korean175","70",755797
"August Earth","70",755794
"Losary","70",755789
"CodEyeKiller","70",755785
"BlG LEZZ","70",755785
"Belgarion130","70",755783
"SeanOT93","70",755781
"gpSlave4You","70",755780
"Lord Bakuso","70",755779
"Juanse Pvm","70",755778
"Pttbb","70",755775
"TheLuckySeal","70",755771
"MarqueMarkie","70",754640
"edinsonh0","70",754639
"thatswackbro","70",754637
"71spell1293","70",754636
"MidoriGem","70",754633
"Wargon23","70",754632
"ShadowGregx7","70",754631
"Zazaza167","70",754631
"TheBestWolfy","70",754627
"Skirt Digger","70",754623
"Boricuapr4","70",754621
"hoskinsx2","70",754619
"Temptato","70",754616
"Cummins6","70",754614
"Saario","70",754610
"SlayerMeista","70",754608
"C9 Rookie","70",754606
"x_17Gs_x","70",754602
"Fewlokicast","70",754601
"Egyptian arm","70",754591
"epicsting","70",754591
"Laazz420","70",754587
"Fwm Fwtb","70",754586
"Redkiller737","70",754581
"johnny36","70",754581
"ChatonDoux","70",737696
"BodyCatcher","70",737696
"Xazorii","70",737695
"KleeinifyY","70",737695
"Pk Range Pkz","70",737695
"1qo","70",737695
"Gold Beer","70",737695
"Jacoooob","70",737695
"Rokhala","70",737695
"iDeceiverr","70",737694
"idc man","70",737694
"Dylbert","70",737694
"D Scatpack","70",737694
"OGDjmadrus","70",737694
"X Pinzz X","70",737694
"Eruption42","70",737694
"poe_123","70",737694
"unwashed","70",737694
"3 Down k0","70",737693
"[#DMISOVS8S]","70",737693
"sameeeyio","70",737693
"Prince Crota","70",737693
"hattc1996","70",737693
"IronBeRad","70",737693
"Hoodyman80","70",737693
"Whak367","68",615021
"Crisp2771","68",615001
"Arc Ranger","68",615001
"Sheik909","68",614979
"Vaiogskill","68",614973
"rustbucket12","68",614957
"SumrSolstice","68",614951
"[#2T2Z879SR]","68",614947
"Crucifer13","68",614947
"0gravenarm","68",614947
"Auraovic","68",614937
"Kamikaze3279","68",614921
"navfan","68",614917
"TecnoWiz1","68",614905
"JZ_11","68",614899
"MageMatch","68",614897
"Carmari","68",614888
"V Bros","68",614883
"Old Kael","68",614881
"BruddaK","68",614857
"Eliminince","68",614811
"itsWires","68",614770
"rob_norr","68",614727
"Hankaheika","68",614725
"Bbaxter30","68",614699
"Zerxxe","67",573161
"Holidaaay","67",573150
"Tobias Swan","67",573145
"Mullac909","67",573129
"soulbloodd","67",573128
"Yo Im Jared","67",573126
"solomerz","67",573123
"Call Me Mosh","67",573122
"Nathanda1","67",573118
"Zeebyfishy","67",573098
"Umoveudie12","67",573085
"[#A8J5E9III]","67",573077
"Crazydude082","67",573035
"NinjaDevil99","67",573025
"Ghostlyre997","67",573021
"MrF1uffy","67",573012
"SmallSalad","67",572978
"King Pipe 2","67",572977
"hantwerpen","67",572975
"Xamali","67",572966
"Takroa","67",572964
"ScytheSteam","67",572958
"76empty2558","67",572958
"35mortton409","67",572936
"TedBrosevelt","67",572930
"Freakmalik","67",554388
"WoNkars","67",554380
"Big Inq","67",554380
"Amgaa","67",554374
"Haylo481","67",554372
"Roughdog8787","67",554369
"Deathclaw","67",554368
"CHR_lR49BYs","67",554366
"Vault 420","67",554365
"Alchin Blows","67",554356
"Icedupbows","67",554352
"ByeongShin","67",554327
"Mervain","67",554321
"XingYue1314","67",554320
"Gravity Core","67",554317
"Syqher","67",554302
"The Matiiz21","67",554299
"kangaroo122","67",554279
"Luckydog3990","67",554278
"MH1938","67",554278
"Grandtrevoc","67",554277
"79 Funny 770","67",554274
"Thea Anthea","67",554264
"[#EHHNXSQ2C]","67",554261
"Bugschi","67",554260
"GatesOfObliv","66",544785
"bruce 101","66",544781
"Millie315","66",544780
"terryfying","66",544770
"LJOKER","66",544762
"ltloopy104","66",544743
"Coolaxle","66",544742
"spiffywizzie","66",544729
"Haydntg","66",544728
"JauxInTheBox","66",544678
"Wuilyl","66",544653
"degl","66",544619
"Josh of 300","66",544617
"MythosIndeed","66",544616
"Kirgun","66",544610
"l1lb1lly2","66",544596
"Ryan_M_Jung","66",544592
"Dj5quiggz","66",544575
"Suuske213","66",544572
"w0lvess","66",544568
"jFonz75","66",544565
"Tufffwfo","66",544560
"DrunkSquirlz","66",544543
"liamguy165","66",544528
"Welcoh","66",544517
